QUERY_ID,DOC_ID,RERANK_SCORE,RANK
1,21159,0.47183164954185486,1
1,13702,0.40969306230545044,2
1,42166,0.39840641617774963,3
1,20592,0.3890821933746338,4
1,20970,0.36931508779525757,5
1,21229,0.36116471886634827,6
1,20870,0.33895182609558105,7
1,20971,0.32167306542396545,8
1,31601,0.31573596596717834,9
1,21207,0.3015677034854889,10
1,20586,0.28298813104629517,11
1,15740,0.2806163728237152,12
1,21285,0.2727987766265869,13
1,53641,0.26971012353897095,14
1,47161,0.23792988061904907,15
1,20506,0.23792988061904907,16
1,15180,0.23370636999607086,17
1,20584,0.22000709176063538,18
1,18324,0.19682621955871582,19
1,21064,0.1755380779504776,20
2,19340,0.43854472041130066,1
2,77959,0.3858373761177063,2
2,17289,0.3584653437137604,3
2,18430,0.351311057806015,4
2,32869,0.28616926074028015,5
2,31437,0.25091278553009033,6
2,76612,0.23792988061904907,7
2,18452,0.23370636999607086,8
2,47053,0.23091977834701538,9
2,18432,0.22000709176063538,10
2,56445,0.21733753383159637,11
2,19084,0.2146914005279541,12
2,53678,0.18952108919620514,13
2,85242,0.10669060051441193,14
2,17039,0.08632347732782364,15
2,42442,0.07477004081010818,16
2,13796,0.07159119844436646,17
2,14512,0.07159119844436646,18
2,26907,0.06465348601341248,19
2,25309,0.06278920918703079,20
3,31102,0.6252092719078064,1
3,18057,0.46587347984313965,2
3,20512,0.32167306542396545,3
3,31118,0.2658804655075073,4
3,18409,0.23651622235774994,5
3,18954,0.23651622235774994,6
3,31101,0.23651622235774994,7
3,17118,0.22270013391971588,8
3,17219,0.2030746191740036,9
3,693,0.1883239895105362,10
3,17218,0.1883239895105362,11
3,18003,0.18242552876472473,12
3,17210,0.17441028356552124,13
3,18000,0.16238003969192505,14
3,57354,0.1550784707069397,15
3,42262,0.13568955659866333,16
3,18416,0.13028541207313538,17
3,29011,0.1233656257390976,18
3,17257,0.11124119907617569,19
3,32442,0.09947021305561066,20
4,16981,0.6469064354896545,1
4,50537,0.6306849718093872,2
4,137717,0.6279512047767639,3
4,45381,0.601593554019928,4
4,62306,0.5770187377929688,5
4,14526,0.5770187377929688,6
4,16895,0.541893720626831,7
4,45015,0.541893720626831,8
4,20860,0.5269514322280884,9
4,4230,0.5264645218849182,10
4,20841,0.5234203934669495,11
4,42169,0.5206181406974792,12
4,84935,0.49514785408973694,13
4,6237,0.4866974353790283,14
4,20561,0.4846239387989044,15
4,17195,0.4711015820503235,16
4,15092,0.39140594005584717,17
4,110879,0.3293917179107666,18
4,49694,0.308190256357193,19
4,20840,0.1540575623512268,20
5,21172,0.4196479320526123,1
5,17816,0.3584653437137604,2
5,53003,0.35398629307746887,3
5,21240,0.35309353470802307,4
5,21100,0.3242354094982147,5
5,16932,0.2613309323787689,6
5,4066,0.2422056347131729,7
5,9527,0.23370636999607086,8
5,57366,0.22953519225120544,9
5,59226,0.22815649211406708,10
5,20523,0.2267836332321167,11
5,148920,0.21601155400276184,12
5,21793,0.20434190332889557,13
5,16262,0.20434190332889557,14
5,57683,0.2018132209777832,15
5,14781,0.200557678937912,16
5,86727,0.17328819632530212,17
5,77235,0.16559311747550964,18
5,58375,0.16559311747550964,19
5,85914,0.1540575623512268,20
6,33177,0.6048657894134521,1
6,52875,0.6001883149147034,2
6,59438,0.6001883149147034,3
6,16409,0.5779718160629272,4
6,17372,0.5779718160629272,5
6,122802,0.5240293145179749,6
6,18291,0.4851727783679962,7
6,5066,0.45374593138694763,8
6,17942,0.44794324040412903,9
6,17955,0.4101654887199402,10
6,22824,0.36931508779525757,11
6,21904,0.333720326423645,12
6,22133,0.31573596596717834,13
6,6587,0.3015677034854889,14
6,17060,0.2999247610569,15
6,21892,0.29746994376182556,16
6,14527,0.28776782751083374,17
6,20902,0.28616926074028015,18
6,28863,0.2628418505191803,19
6,102414,0.2465333193540573,20
7,10089,0.4972687065601349,1
7,49135,0.4972687065601349,2
7,17022,0.44601210951805115,3
7,5574,0.44601210951805115,4
7,17068,0.4277552366256714,5
7,17205,0.39981165528297424,6
7,18043,0.3812195360660553,7
7,134594,0.3757064640522003,8
7,109711,0.3757064640522003,9
7,67219,0.3757064640522003,10
7,17249,0.3557748794555664,11
7,11604,0.34775859117507935,12
7,17207,0.34510529041290283,13
7,18016,0.3319854736328125,14
7,18936,0.30074557662010193,15
7,15532,0.27747297286987305,16
7,17089,0.2743513584136963,17
7,17206,0.22815649211406708,18
7,11611,0.1710611879825592,19
7,11612,0.14223189651966095,20
8,61144,0.38168036937713623,1
8,16258,0.3656831681728363,2
8,17906,0.36296918988227844,3
8,20885,0.34953272342681885,4
8,32956,0.34334173798561096,5
8,13544,0.3242354094982147,6
8,20992,0.3090237081050873,7
8,20563,0.23792988061904907,8
8,22192,0.23370636999607086,9
8,20977,0.22815649211406708,10
8,18832,0.22000709176063538,11
8,58578,0.2107662856578827,12
8,21249,0.20817892253398895,13
8,18058,0.1980641782283783,14
8,17370,0.1980641782283783,15
8,17363,0.18359363079071045,16
8,21088,0.18126320838928223,17
8,17077,0.16132023930549622,18
8,32906,0.14511536061763763,19
8,13110,0.14128142595291138,20
9,18946,0.33111974596977234,1
9,43178,0.31489264965057373,2
9,18067,0.3106943964958191,3
9,18941,0.30239108204841614,4
9,35419,0.29746994376182556,5
9,26067,0.29178744554519653,6
9,31065,0.2465333193540573,7
9,29401,0.1980641782283783,8
9,18943,0.18713268637657166,9
9,15255,0.17217184603214264,10
9,18345,0.1677633374929428,11
9,18944,0.16559311747550964,12
9,34284,0.14706452190876007,13
9,31398,0.13568955659866333,14
9,31741,0.13296423852443695,15
9,56073,0.12852513790130615,16
9,66909,0.12852513790130615,17
9,40141,0.12852513790130615,18
9,88647,0.12852513790130615,19
9,14932,0.11596072465181351,20
10,25478,0.3942009508609772,1
10,30086,0.39187127351760864,2
10,30107,0.3302551507949829,3
10,32385,0.30239108204841614,4
10,14250,0.29665425419807434,5
10,30310,0.28298813104629517,6
10,30893,0.2743513584136963,7
10,30369,0.2689414322376251,8
10,32379,0.24944725632667542,9
10,29520,0.24798741936683655,10
10,32381,0.23370636999607086,11
10,33681,0.2254166156053543,12
10,30290,0.22270013391971588,13
10,28521,0.21733753383159637,14
10,30371,0.21601155400276184,15
10,32384,0.2107662856578827,16
10,30890,0.19436782598495483,17
10,33649,0.19314739108085632,18
10,30891,0.19314739108085632,19
10,31684,0.11124119907617569,20
11,18828,0.5779718160629272,1
11,18896,0.5774953961372375,2
11,18245,0.5660185217857361,3
11,33914,0.5409238934516907,4
11,18255,0.5392258763313293,5
11,34112,0.5106795430183411,6
11,17913,0.5098254084587097,7
11,29518,0.5016021728515625,8
11,18873,0.5011672973632812,9
11,18889,0.4992256164550781,10
11,31521,0.4930424094200134,11
11,32715,0.4848678708076477,12
11,17911,0.4590761363506317,13
11,18276,0.44794324040412903,14
11,19399,0.43014734983444214,15
11,33959,0.3942009508609772,16
11,33912,0.3835258483886719,17
11,20598,0.351311057806015,18
11,144625,0.33895182609558105,19
11,18254,0.2759094536304474,20
12,21901,0.6627964973449707,1
12,22797,0.6619228720664978,2
12,22795,0.6584175229072571,3
12,21939,0.6370307803153992,4
12,22780,0.6306849718093872,5
12,22794,0.6261242032051086,6
12,21870,0.6071974039077759,7
12,22773,0.601593554019928,8
12,33953,0.5903069376945496,9
12,22146,0.589361846446991,10
12,17377,0.5817784070968628,11
12,129357,0.561214804649353,12
12,15885,0.561214804649353,13
12,33077,0.5539879202842712,14
12,21822,0.4891374707221985,15
12,22776,0.4830387234687805,16
12,80254,0.43782350420951843,17
12,31679,0.4163219630718231,18
12,32970,0.33895182609558105,19
12,60017,0.2186693549156189,20
13,17993,0.35398629307746887,1
13,18950,0.35309353470802307,2
13,17992,0.34510529041290283,3
13,19451,0.28616926074028015,4
13,18384,0.27904197573661804,5
13,18905,0.22000709176063538,6
13,18060,0.21601155400276184,7
13,17825,0.2018132209777832,8
13,18089,0.19930799305438995,9
13,4065,0.19314739108085632,10
13,34996,0.19072403013706207,11
13,20547,0.18952108919620514,12
13,22174,0.18713268637657166,13
13,18059,0.18010666966438293,14
13,31072,0.17217184603214264,15
13,81990,0.16132023930549622,16
13,48952,0.16132023930549622,17
13,73790,0.11596072465181351,18
13,33683,0.1037486344575882,19
13,18054,0.0792103260755539,20
14,68074,0.6774740219116211,1
14,143862,0.6749081611633301,2
14,136866,0.6610482335090637,3
14,108627,0.6071974039077759,4
14,70638,0.6062653660774231,5
14,65602,0.5851011276245117,6
14,82758,0.5784481763839722,7
14,127373,0.5679365992546082,8
14,74048,0.5655387043952942,9
14,93235,0.5640984773635864,10
14,77584,0.5561585426330566,11
14,96574,0.5556763410568237,12
14,90030,0.5377696752548218,13
14,133900,0.5267079472541809,14
14,98062,0.48675844073295593,15
14,131724,0.42107561230659485,16
14,66708,0.42107561230659485,17
14,133580,0.328529417514801,18
14,95575,0.3199707567691803,19
14,83558,0.3015677034854889,20
15,80118,0.5969031453132629,1
15,104216,0.5926666259765625,2
15,19662,0.5435901880264282,3
15,19670,0.5303581357002258,4
15,33711,0.5131805539131165,5
15,14408,0.4946901202201843,6
15,68169,0.49163898825645447,7
15,32737,0.45495641231536865,8
15,19719,0.41111087799072266,9
15,35441,0.33895182609558105,10
15,25374,0.29098084568977356,11
15,23087,0.2798284888267517,12
15,7146,0.267408162355423,13
15,14827,0.2465333193540573,14
15,23104,0.20946967601776123,15
15,19690,0.2018132209777832,16
15,23058,0.18476749956607819,17
15,21274,0.17328819632530212,18
15,22851,0.1540575623512268,19
15,9261,0.11757213622331619,20
16,32964,0.48255106806755066,1
16,57716,0.4723183512687683,2
16,18910,0.3575674891471863,3
16,18912,0.32766830921173096,4
16,19408,0.3182732164859772,5
16,31585,0.3123700022697449,6
16,19404,0.3090237081050873,7
16,17390,0.308190256357193,8
16,31583,0.29828691482543945,9
16,15722,0.29746994376182556,10
16,18892,0.2925952970981598,11
16,33916,0.29178744554519653,12
16,17368,0.27125170826911926,13
16,40621,0.2689414322376251,14
16,31584,0.26435837149620056,15
16,17959,0.26435837149620056,16
16,17967,0.25534364581108093,17
16,21224,0.24077458679676056,18
16,17958,0.2240554690361023,19
16,25627,0.15203224122524261,20
17,16319,0.6706082820892334,1
17,34995,0.6118459105491638,2
17,34632,0.553022563457489,3
17,34633,0.5350984334945679,4
17,14890,0.517327070236206,5
17,98454,0.5047910809516907,6
17,78684,0.4756052792072296,7
17,38824,0.43974733352661133,8
17,16918,0.42298123240470886,9
17,68667,0.42202815413475037,10
17,33915,0.42107561230659485,11
17,34981,0.403566837310791,12
17,106479,0.3674972355365753,13
17,18004,0.34687307476997375,14
17,18367,0.34687307476997375,15
17,31572,0.30239108204841614,16
17,18284,0.28219619393348694,17
17,15256,0.22000709176063538,18
17,17930,0.19682621955871582,19
17,17955,0.17781086266040802,20
18,11595,0.46465864777565,1
18,18041,0.46077415347099304,2
18,32643,0.43878522515296936,3
18,17257,0.32680830359458923,4
18,693,0.3015677034854889,5
18,81314,0.2869678735733032,6
18,31120,0.2727987766265869,7
18,21235,0.2628418505191803,8
18,18058,0.2613309323787689,9
18,17233,0.24798741936683655,10
18,83623,0.1883239895105362,11
18,17816,0.17895588278770447,12
18,21234,0.17895588278770447,13
18,21065,0.1755380779504776,14
18,18904,0.1710611879825592,15
18,42262,0.1677633374929428,16
18,21842,0.14414885640144348,17
18,49716,0.13939638435840607,18
18,31253,0.1233656257390976,19
18,21077,0.11436853557825089,20
19,50309,0.3956010639667511,1
19,13618,0.39466747641563416,2
19,34989,0.35398629307746887,3
19,34990,0.332852303981781,4
19,35375,0.32167306542396545,5
19,35195,0.31153157353401184,6
19,141194,0.2885690927505493,7
19,34977,0.28140562772750854,8
19,35283,0.2782568037509918,9
19,105675,0.27125170826911926,10
19,35192,0.26435837149620056,11
19,35184,0.2628418505191803,12
19,56336,0.2613309323787689,13
19,18256,0.2598256468772888,14
19,35539,0.24944725632667542,15
19,35182,0.2436424344778061,16
19,56988,0.23651622235774994,17
19,34928,0.22815649211406708,18
19,135549,0.18952108919620514,19
19,35201,0.1883239895105362,20
20,85524,0.42919009923934937,1
20,80565,0.42919009923934937,2
20,115,0.3993430435657501,3
20,55315,0.3711366057395935,4
20,50987,0.3380771279335022,5
20,55654,0.29665425419807434,6
20,28961,0.2869678735733032,7
20,65,0.2568320035934448,8
20,31012,0.17328819632530212,9
20,32,0.17217184603214264,10
20,40150,0.16344544291496277,11
20,133678,0.15921740233898163,12
20,27828,0.14804719388484955,13
20,25388,0.14318770170211792,14
20,18008,0.14128142595291138,15
20,27933,0.1200256198644638,16
20,20701,0.10818895697593689,17
20,73418,0.1037486344575882,18
20,1319,0.08756383508443832,19
20,11647,0.08632347732782364,20
21,31641,0.49530041217803955,1
21,33033,0.4436004161834717,2
21,21279,0.4373428225517273,3
21,88816,0.40969306230545044,4
21,22972,0.36840569972991943,5
21,31618,0.351311057806015,6
21,21081,0.3407045006752014,7
21,34918,0.328529417514801,8
21,33031,0.328529417514801,9
21,31637,0.30404168367385864,10
21,21265,0.30404168367385864,11
21,19086,0.30404168367385864,12
21,31620,0.30074557662010193,13
21,32974,0.2991051971912384,14
21,31556,0.29178744554519653,15
21,31619,0.28537195920944214,16
21,21037,0.2845759987831116,17
21,31621,0.2658804655075073,18
21,33029,0.2628418505191803,19
21,35011,0.200557678937912,20
22,8321,0.5727227926254272,1
22,109389,0.39466747641563416,2
22,126741,0.39466747641563416,3
22,135350,0.39466747641563416,4
22,103143,0.39466747641563416,5
22,13227,0.382602721452713,6
22,41554,0.35309353470802307,7
22,26515,0.35220175981521606,8
22,15112,0.34775859117507935,9
22,8634,0.3459886312484741,10
22,27143,0.3363310694694519,11
22,13236,0.3319854736328125,12
22,135358,0.3106943964958191,13
22,19754,0.26971012353897095,14
22,59142,0.26435837149620056,15
22,716,0.25832599401474,16
22,22281,0.2465333193540573,17
22,73890,0.2018132209777832,18
22,16114,0.18713268637657166,19
22,46407,0.18242552876472473,20
23,34988,0.49588024616241455,1
23,34841,0.47292688488960266,2
23,2238,0.4605315029621124,3
23,34878,0.4602888524532318,4
23,34701,0.38954654335975647,5
23,35541,0.34775859117507935,6
23,35376,0.3442229926586151,7
23,35283,0.3415825068950653,8
23,35182,0.33982762694358826,9
23,35287,0.33895182609558105,10
23,35184,0.32338011264801025,11
23,27862,0.3225259780883789,12
23,35195,0.3065270483493805,13
23,35301,0.3048688769340515,14
23,34836,0.29828691482543945,15
23,40145,0.2806163728237152,16
23,12699,0.2806163728237152,17
23,71124,0.27904197573661804,18
23,8055,0.27904197573661804,19
23,35538,0.2613309323787689,20
24,115433,0.43782350420951843,1
24,15319,0.3123700022697449,2
24,13694,0.21206879615783691,3
24,107361,0.21206879615783691,4
24,32703,0.20689404010772705,5
24,22136,0.20561502873897552,6
24,20582,0.18594719469547272,7
24,15878,0.17895588278770447,8
24,17286,0.15713684260845184,9
24,31107,0.1540575623512268,10
24,135613,0.1540575623512268,11
24,21847,0.15002882480621338,12
24,18316,0.14706452190876007,13
24,31563,0.14318770170211792,14
24,34260,0.13660839200019836,15
24,16331,0.13028541207313538,16
24,17998,0.11596072465181351,17
24,18056,0.11436853557825089,18
24,17204,0.09670579433441162,19
24,18410,0.0838903859257698,20
25,22150,0.5209837555885315,1
25,8276,0.4821852743625641,2
25,36008,0.482063353061676,3
25,17917,0.454472154378891,4
25,33938,0.45060113072395325,5
25,22139,0.4452883005142212,6
25,22792,0.39606815576553345,7
25,22796,0.39187127351760864,8
25,17017,0.34246158599853516,9
25,82565,0.3065270483493805,10
25,22105,0.30569732189178467,11
25,61651,0.30239108204841614,12
25,70421,0.2751297354698181,13
25,21876,0.2751297354698181,14
25,71125,0.2743513584136963,15
25,33076,0.22135066986083984,16
25,9884,0.20817892253398895,17
25,122027,0.19314739108085632,18
25,21808,0.19314739108085632,19
25,21879,0.10669060051441193,20
26,34995,0.3638729155063629,1
26,25632,0.351311057806015,2
26,31137,0.2743513584136963,3
26,34216,0.2523840367794037,4
26,132460,0.24508501589298248,5
26,31087,0.2267836332321167,6
26,17264,0.22135066986083984,7
26,71199,0.20689404010772705,8
26,9777,0.19682621955871582,9
26,14269,0.19559408724308014,10
26,14862,0.19314739108085632,11
26,66721,0.18952108919620514,12
26,91275,0.18594719469547272,13
26,72047,0.18594719469547272,14
26,49458,0.18010666966438293,15
26,17823,0.1710611879825592,16
26,13176,0.16667540371418,17
26,13152,0.15817435085773468,18
26,14253,0.13206616044044495,19
26,17830,0.10970577597618103,20
27,17883,0.672331690788269,1
27,18818,0.6343168616294861,2
27,18218,0.6201616525650024,3
27,32936,0.6169358491897583,4
27,18843,0.61555016040802,5
27,17145,0.6053325533866882,6
27,18842,0.5293850302696228,7
27,18841,0.5293850302696228,8
27,16325,0.4856606721878052,9
27,134867,0.4856606721878052,10
27,17355,0.4791381061077118,11
27,32924,0.47731050848960876,12
27,32935,0.4593186378479004,13
27,56477,0.4402286112308502,14
27,17146,0.43878522515296936,15
27,62198,0.43494126200675964,16
27,18195,0.4139508903026581,17
27,31508,0.3830641508102417,18
27,31515,0.3363310694694519,19
27,17882,0.319121390581131,20
28,82277,0.5506073832511902,1
28,18897,0.5455278754234314,2
28,35284,0.5303581357002258,3
28,35286,0.5039367079734802,4
28,35299,0.48291683197021484,5
28,44132,0.4433594048023224,6
28,67158,0.4431183934211731,7
28,135549,0.41584745049476624,8
28,34838,0.40969306230545044,9
28,60899,0.38168036937713623,10
28,16894,0.3812195360660553,11
28,42168,0.3789186179637909,12
28,34761,0.37387579679489136,13
28,28166,0.3656831681728363,14
28,17309,0.33895182609558105,15
28,20907,0.25534364581108093,16
28,83673,0.23231014609336853,17
28,53647,0.2186693549156189,18
28,76291,0.2186693549156189,19
28,44088,0.2186693549156189,20
29,29549,0.25534364581108093,1
29,151106,0.22000709176063538,2
29,29655,0.2107662856578827,3
29,29627,0.2030746191740036,4
29,29645,0.2030746191740036,5
29,29644,0.2030746191740036,6
29,31922,0.19930799305438995,7
29,34057,0.19436782598495483,8
29,28445,0.19436782598495483,9
29,29654,0.1919327825307846,10
29,25982,0.18242552876472473,11
29,132082,0.17781086266040802,12
29,13637,0.1755380779504776,13
29,29561,0.169956237077713,14
29,29670,0.15817435085773468,15
29,28083,0.1561048924922943,16
29,29653,0.14414885640144348,17
29,29672,0.14414885640144348,18
29,34269,0.14414885640144348,19
29,29051,0.13296423852443695,20
30,35419,0.36931508779525757,1
30,20529,0.3354596793651581,2
30,25635,0.3090237081050873,3
30,35041,0.2925952970981598,4
30,81742,0.27125170826911926,5
30,16988,0.2598256468772888,6
30,34912,0.23934932053089142,7
30,29401,0.23792988061904907,8
30,47459,0.22953519225120544,9
30,18038,0.22135066986083984,10
30,18941,0.2018132209777832,11
30,31113,0.18594719469547272,12
30,20526,0.18126320838928223,13
30,18386,0.15713684260845184,14
30,34199,0.1561048924922943,15
30,25664,0.14903530478477478,16
30,25612,0.14511536061763763,17
30,144308,0.14223189651966095,18
30,17220,0.13386748731136322,19
30,28159,0.13386748731136322,20
31,102455,0.3881540596485138,1
31,11655,0.270480215549469,2
31,11653,0.2628418505191803,3
31,27031,0.2628418505191803,4
31,33899,0.2598256468772888,5
31,105746,0.23934932053089142,6
31,87939,0.23934932053089142,7
31,60920,0.2267836332321167,8
31,26509,0.22135066986083984,9
31,27071,0.2186693549156189,10
31,22253,0.21206879615783691,11
31,45273,0.20561502873897552,12
31,29070,0.20561502873897552,13
31,31270,0.20561502873897552,14
31,16966,0.2030746191740036,15
31,31315,0.2030746191740036,16
31,74258,0.200557678937912,17
31,66766,0.200557678937912,18
31,17011,0.14903530478477478,19
31,26459,0.13477592170238495,20
32,88354,0.7279754281044006,1
32,36810,0.7279754281044006,2
32,57810,0.7279754281044006,3
32,637,0.6783269643783569,4
32,16983,0.6757646203041077,5
32,93997,0.6486889719963074,6
32,34905,0.5309661626815796,7
32,35218,0.4383043050765991,8
32,60979,0.41063809394836426,9
32,34833,0.38444983959198,10
32,35383,0.37022536993026733,11
32,105418,0.36026397347450256,12
32,35309,0.36026397347450256,13
32,58145,0.35220175981521606,14
32,34296,0.3242354094982147,15
32,32865,0.16132023930549622,16
32,18205,0.15921740233898163,17
32,23274,0.14706452190876007,18
32,46654,0.14608724415302277,19
32,34093,0.1127954050898552,20
33,18033,0.49206608533859253,1
33,17885,0.47085830569267273,2
33,18079,0.43638181686401367,3
33,17820,0.37387579679489136,4
33,32604,0.3415825068950653,5
33,31107,0.3372035324573517,6
33,17819,0.333720326423645,7
33,17821,0.29828691482543945,8
33,47391,0.2598256468772888,9
33,19029,0.24077458679676056,10
33,31108,0.22953519225120544,11
33,43319,0.2267836332321167,12
33,32629,0.20817892253398895,13
33,18402,0.19930799305438995,14
33,31082,0.1980641782283783,15
33,52040,0.18594719469547272,16
33,61415,0.18594719469547272,17
33,60811,0.15304215252399445,18
33,42820,0.15102779865264893,19
33,18390,0.13846179842948914,20
34,31776,0.6442250609397888,1
34,68907,0.621540904045105,2
34,31518,0.3459886312484741,3
34,34344,0.334589421749115,4
34,8319,0.3090237081050873,5
34,33418,0.3015677034854889,6
34,33124,0.29828691482543945,7
34,78023,0.2934044897556305,8
34,113690,0.2934044897556305,9
34,33123,0.27747297286987305,10
34,33121,0.24508501589298248,11
34,13183,0.2351083904504776,12
34,9777,0.23231014609336853,13
34,58133,0.23091977834701538,14
34,49458,0.2133771777153015,15
34,25332,0.20689404010772705,16
34,15793,0.1883239895105362,17
34,20676,0.16026602685451508,18
34,33125,0.1276526302099228,19
34,150303,0.1259227693080902,20
35,23232,0.561214804649353,1
35,16864,0.5597714185714722,2
35,23082,0.5170831680297852,3
35,43943,0.5123876333236694,4
35,49825,0.48755136132240295,5
35,38978,0.41917234659194946,6
35,101909,0.41679665446281433,7
35,26237,0.41111087799072266,8
35,23000,0.38954654335975647,9
35,22888,0.38630032539367676,10
35,14815,0.3584653437137604,11
35,35540,0.35398629307746887,12
35,136361,0.32680830359458923,13
35,43860,0.32167306542396545,14
35,22901,0.31742626428604126,15
35,35357,0.29421496391296387,16
35,23083,0.2901756167411804,17
35,23055,0.2869678735733032,18
35,35203,0.2869678735733032,19
35,23168,0.2806163728237152,20
36,27897,0.6757646203041077,1
36,27867,0.5950219631195068,2
36,27935,0.5746335387229919,3
36,31402,0.48291683197021484,4
36,284,0.4685474932193756,5
36,16881,0.4627158045768738,6
36,6711,0.4624730348587036,7
36,27945,0.4130035638809204,8
36,25414,0.39094078540802,9
36,31405,0.36206647753715515,10
36,27985,0.35042136907577515,11
36,32857,0.332852303981781,12
36,36296,0.28937169909477234,13
36,75572,0.28298813104629517,14
36,27852,0.2806163728237152,15
36,27849,0.2806163728237152,16
36,2597,0.2658804655075073,17
36,34907,0.2628418505191803,18
36,58501,0.21206879615783691,19
36,51392,0.14128142595291138,20
37,28909,0.4002804160118103,1
37,31372,0.328529417514801,2
37,31481,0.2806163728237152,3
37,28898,0.26435837149620056,4
37,33931,0.2240554690361023,5
37,31479,0.21601155400276184,6
37,33957,0.200557678937912,7
37,34326,0.169956237077713,8
37,18326,0.16667540371418,9
37,34343,0.16451646387577057,10
37,34261,0.16238003969192505,11
37,29395,0.14706452190876007,12
37,29382,0.14318770170211792,13
37,28964,0.13939638435840607,14
37,18895,0.13660839200019836,15
37,28974,0.13568955659866333,16
37,18459,0.13568955659866333,17
37,33917,0.13386748731136322,18
37,29532,0.13206616044044495,19
37,28975,0.10521054267883301,20
38,17013,0.3199707567691803,1
38,31571,0.2934044897556305,2
38,22746,0.25534364581108093,3
38,16980,0.23792988061904907,4
38,22136,0.22815649211406708,5
38,25635,0.2030746191740036,6
38,42937,0.19436782598495483,7
38,20622,0.18126320838928223,8
38,103571,0.17895588278770447,9
38,16311,0.17781086266040802,10
38,26091,0.16451646387577057,11
38,33086,0.16238003969192505,12
38,15239,0.1561048924922943,13
38,31740,0.15102779865264893,14
38,117999,0.13846179842948914,15
38,26269,0.13386748731136322,16
38,15334,0.12421301752328873,17
38,20865,0.1233656257390976,18
38,15443,0.11124119907617569,19
38,15442,0.09009299427270889,20
39,119798,0.47025004029273987,1
39,87752,0.47025004029273987,2
39,52066,0.47025004029273987,3
39,39924,0.4634442627429962,4
39,26065,0.36026397347450256,5
39,26049,0.31658050417900085,6
39,19490,0.23651622235774994,7
39,32813,0.20817892253398895,8
39,75515,0.20689404010772705,9
39,139391,0.19930799305438995,10
39,28555,0.1766716092824936,11
39,106389,0.17441028356552124,12
39,72733,0.17441028356552124,13
39,36391,0.17441028356552124,14
39,26046,0.1540575623512268,15
39,31311,0.15002882480621338,16
39,63,0.14608724415302277,17
39,13581,0.13028541207313538,18
39,144060,0.12940272688865662,19
39,31310,0.09947021305561066,20
40,19638,0.32167306542396545,1
40,35293,0.3199707567691803,2
40,61911,0.22815649211406708,3
40,78777,0.22815649211406708,4
40,90274,0.19072403013706207,5
40,19625,0.1550784707069397,6
40,63934,0.1550784707069397,7
40,49017,0.1550784707069397,8
40,23521,0.1550784707069397,9
40,34807,0.14511536061763763,10
40,35032,0.13939638435840607,11
40,34809,0.13296423852443695,12
40,11603,0.13296423852443695,13
40,34732,0.13296423852443695,14
40,13111,0.13296423852443695,15
40,23136,0.12421301752328873,16
40,140978,0.11436853557825089,17
40,49338,0.09138210117816925,18
40,35189,0.08882029354572296,19
40,35512,0.0838903859257698,20
41,21825,0.3747906982898712,1
41,31629,0.34510529041290283,2
41,67065,0.23792988061904907,3
41,93206,0.2267836332321167,4
41,22813,0.20689404010772705,5
41,13683,0.19930799305438995,6
41,21107,0.19682621955871582,7
41,31122,0.19436782598495483,8
41,35551,0.19314739108085632,9
41,34940,0.19072403013706207,10
41,14839,0.18594719469547272,11
41,69634,0.18126320838928223,12
41,18410,0.169956237077713,13
41,45377,0.1677633374929428,14
41,58558,0.16026602685451508,15
41,20933,0.1540575623512268,16
41,22239,0.1540575623512268,17
41,21813,0.15002882480621338,18
41,34198,0.13939638435840607,19
41,21827,0.13028541207313538,20
42,21058,0.7041601538658142,1
42,20856,0.6671476364135742,2
42,17036,0.541893720626831,3
42,74550,0.22953519225120544,4
42,109,0.1919327825307846,5
42,59317,0.1919327825307846,6
42,14501,0.16667540371418,7
42,17331,0.16132023930549622,8
42,16930,0.15921740233898163,9
42,17990,0.1550784707069397,10
42,18365,0.15203224122524261,11
42,26562,0.13296423852443695,12
42,60757,0.13296423852443695,13
42,18198,0.13206616044044495,14
42,14913,0.11920291930437088,15
42,32591,0.10970577597618103,16
42,139980,0.08756383508443832,17
42,26440,0.08509904891252518,18
42,18652,0.08269733935594559,19
42,26564,0.07477004081010818,20
43,22124,0.34334173798561096,1
43,33056,0.32082128524780273,2
43,34258,0.30321574211120605,3
43,21814,0.30239108204841614,4
43,34321,0.2885690927505493,5
43,5316,0.27904197573661804,6
43,22785,0.2766905426979065,7
43,34132,0.23370636999607086,8
43,22196,0.20817892253398895,9
43,19347,0.19314739108085632,10
43,22172,0.19314739108085632,11
43,40469,0.18952108919620514,12
43,33055,0.18242552876472473,13
43,33054,0.17217184603214264,14
43,21867,0.1710611879825592,15
43,11681,0.16667540371418,16
43,13633,0.14804719388484955,17
43,432,0.13753247261047363,18
43,31653,0.12085322290658951,19
43,18920,0.11757213622331619,20
44,15067,0.5921949744224548,1
44,78586,0.4491509795188904,2
44,15071,0.435421347618103,3
44,32672,0.4021573066711426,4
44,41478,0.3900110721588135,5
44,32671,0.34510529041290283,6
44,16246,0.34246158599853516,7
44,15370,0.334589421749115,8
44,39056,0.334589421749115,9
44,33818,0.32338011264801025,10
44,32696,0.3182732164859772,11
44,10016,0.3090237081050873,12
44,16121,0.27904197573661804,13
44,110408,0.27125170826911926,14
44,34012,0.17895588278770447,15
44,37170,0.17781086266040802,16
44,14531,0.13296423852443695,17
44,19510,0.13028541207313538,18
44,42979,0.1259227693080902,19
44,20223,0.10087862610816956,20
45,21135,0.5115336179733276,1
45,22167,0.4130035638809204,2
45,139562,0.41063809394836426,3
45,117370,0.41063809394836426,4
45,18894,0.4007493853569031,5
45,21864,0.38769033551216125,6
45,21194,0.37022536993026733,7
45,22836,0.34775859117507935,8
45,43880,0.34775859117507935,9
45,33046,0.3415825068950653,10
45,59211,0.3293917179107666,11
45,103458,0.328529417514801,12
45,70748,0.328529417514801,13
45,19431,0.319121390581131,14
45,22166,0.31658050417900085,15
45,75129,0.31153157353401184,16
45,21789,0.30321574211120605,17
45,18410,0.2950267493724823,18
45,16996,0.2934044897556305,19
45,22095,0.21206879615783691,20
46,29349,0.66888028383255,1
46,33026,0.5978426933288574,2
46,18323,0.5926666259765625,3
46,29371,0.5851011276245117,4
46,29356,0.53946852684021,5
46,21259,0.42823341488838196,6
46,33930,0.4063906967639923,7
46,32965,0.3923368453979492,8
46,31698,0.3674972355365753,9
46,88847,0.2598256468772888,10
46,29393,0.2465333193540573,11
46,74717,0.2422056347131729,12
46,51881,0.2351083904504776,13
46,17262,0.21601155400276184,14
46,85586,0.21206879615783691,15
46,75210,0.21206879615783691,16
46,18032,0.2030746191740036,17
46,29394,0.1766716092824936,18
46,31108,0.15817435085773468,19
46,5709,0.15304215252399445,20
47,29378,0.6671476364135742,1
47,28888,0.48084431886672974,2
47,33791,0.35488009452819824,3
47,8319,0.28298813104629517,4
47,49851,0.28298813104629517,5
47,33815,0.2613309323787689,6
47,34311,0.20689404010772705,7
47,31518,0.2018132209777832,8
47,28889,0.1919327825307846,9
47,129445,0.17441028356552124,10
47,32953,0.169956237077713,11
47,49458,0.16132023930549622,12
47,9777,0.15921740233898163,13
47,18325,0.1540575623512268,14
47,63393,0.14318770170211792,15
47,28944,0.14033626019954681,16
47,150303,0.13386748731136322,17
47,58033,0.12678517401218414,18
47,28870,0.10669060051441193,19
47,44317,0.09670579433441162,20
48,33122,0.6127732396125793,1
48,19601,0.5566405653953552,2
48,61098,0.5520567893981934,3
48,78023,0.5270731449127197,4
48,113690,0.5270731449127197,5
48,31740,0.48724642395973206,6
48,58133,0.449634313583374,7
48,20257,0.3557748794555664,8
48,20258,0.34953272342681885,9
48,38337,0.3302551507949829,10
48,26269,0.3293917179107666,11
48,40649,0.2950267493724823,12
48,19617,0.28776782751083374,13
48,25410,0.28616926074028015,14
48,15443,0.2743513584136963,15
48,33086,0.2568320035934448,16
48,19572,0.20946967601776123,17
48,15442,0.19314739108085632,18
48,20310,0.17217184603214264,19
48,20209,0.1540575623512268,20
49,2845,0.5501240491867065,1
49,31571,0.53946852684021,2
49,18828,0.5232985615730286,3
49,17913,0.5181804895401001,4
49,19394,0.30321574211120605,5
49,20900,0.28776782751083374,6
49,34123,0.2782568037509918,7
49,32958,0.2735743820667267,8
49,18232,0.270480215549469,9
49,31564,0.26435837149620056,10
49,7618,0.2613309323787689,11
49,34292,0.25534364581108093,12
49,31620,0.2538610100746155,13
49,19393,0.2523840367794037,14
49,18256,0.2523840367794037,15
49,21310,0.24944725632667542,16
49,20901,0.22815649211406708,17
49,21846,0.20817892253398895,18
49,56055,0.1766716092824936,19
49,22972,0.14033626019954681,20
50,37514,0.6619228720664978,1
50,32601,0.6469064354896545,2
50,17334,0.621540904045105,3
50,17259,0.6085940599441528,4
50,7109,0.6085940599441528,5
50,17097,0.589361846446991,6
50,18398,0.5626571774482727,7
50,17818,0.5561585426330566,8
50,17121,0.42298123240470886,9
50,47869,0.3890821933746338,10
50,44815,0.3090237081050873,11
50,150929,0.30404168367385864,12
50,31721,0.23091977834701538,13
50,18076,0.2018132209777832,14
50,29560,0.19072403013706207,15
50,33534,0.17441028356552124,16
50,29563,0.16132023930549622,17
50,29648,0.13028541207313538,18
50,31932,0.11757213622331619,19
50,29668,0.10970577597618103,20
51,5714,0.4234579801559448,1
51,2845,0.36840569972991943,2
51,58593,0.2186693549156189,3
51,14862,0.200557678937912,4
51,49841,0.18952108919620514,5
51,31251,0.18242552876472473,6
51,15470,0.17895588278770447,7
51,14880,0.1766716092824936,8
51,17360,0.1710611879825592,9
51,31277,0.1677633374929428,10
51,18426,0.1677633374929428,11
51,31249,0.15002882480621338,12
51,19399,0.14706452190876007,13
51,31571,0.13117322325706482,14
51,14270,0.1259227693080902,15
51,17285,0.12421301752328873,16
51,17128,0.11757213622331619,17
51,40462,0.1037486344575882,18
51,14902,0.09947021305561066,19
51,31420,0.09534946829080582,20
52,21579,0.4063906967639923,1
52,23131,0.31658050417900085,2
52,139391,0.31153157353401184,3
52,15181,0.30985841155052185,4
52,38978,0.2422056347131729,5
52,106389,0.23792988061904907,6
52,72733,0.23792988061904907,7
52,36391,0.23792988061904907,8
52,43860,0.23792988061904907,9
52,13635,0.22270013391971588,10
52,41056,0.2146914005279541,11
52,85713,0.2146914005279541,12
52,149310,0.2107662856578827,13
52,142787,0.20434190332889557,14
52,128287,0.200557678937912,15
52,89850,0.1980641782283783,16
52,113434,0.1980641782283783,17
52,23081,0.18476749956607819,18
52,150633,0.15102779865264893,19
52,40940,0.13386748731136322,20
53,33069,0.5132415294647217,1
53,48357,0.42250463366508484,2
53,19407,0.4139508903026581,3
53,21843,0.37799978256225586,4
53,22212,0.3775406777858734,5
53,31524,0.3729618489742279,6
53,22211,0.36026397347450256,7
53,22789,0.34334173798561096,8
53,21801,0.3415825068950653,9
53,22101,0.333720326423645,10
53,21853,0.3225259780883789,11
53,22840,0.3090237081050873,12
53,21817,0.3065270483493805,13
53,25757,0.3065270483493805,14
53,26373,0.3065270483493805,15
53,31674,0.29421496391296387,16
53,33935,0.28537195920944214,17
53,22136,0.22953519225120544,18
53,131468,0.18952108919620514,19
53,92041,0.15203224122524261,20
54,19407,0.6127732396125793,1
54,22789,0.5712883472442627,2
54,26373,0.5426208972930908,3
54,25757,0.5426208972930908,4
54,31524,0.521349310874939,5
54,21817,0.48688048124313354,6
54,33935,0.4792599678039551,7
54,22212,0.4530198276042938,8
54,48357,0.43974733352661133,9
54,54764,0.37387579679489136,10
54,21897,0.36206647753715515,11
54,22211,0.35042136907577515,12
54,22787,0.3354596793651581,13
54,22840,0.333720326423645,14
54,21801,0.332852303981781,15
54,21843,0.3302551507949829,16
54,21853,0.32338011264801025,17
54,22100,0.30321574211120605,18
54,22135,0.2766905426979065,19
54,22101,0.2727987766265869,20
55,17993,0.46587347984313965,1
55,18384,0.39140594005584717,2
55,17992,0.3835258483886719,3
55,18950,0.3812195360660553,4
55,18905,0.3584653437137604,5
55,19451,0.34246158599853516,6
55,17825,0.3065270483493805,7
55,18059,0.28378137946128845,8
55,18060,0.25832599401474,9
55,73790,0.23934932053089142,10
55,18089,0.21733753383159637,11
55,31072,0.21601155400276184,12
55,22174,0.21206879615783691,13
55,34996,0.20946967601776123,14
55,34918,0.20561502873897552,15
55,31195,0.16132023930549622,16
55,22972,0.15921740233898163,17
55,48952,0.15304215252399445,18
55,35011,0.14903530478477478,19
55,33683,0.1276526302099228,20
56,18865,0.4421546757221222,1
56,2845,0.4068619906902313,2
56,31249,0.3647775650024414,3
56,14114,0.3647775650024414,4
56,31250,0.351311057806015,5
56,31278,0.3372035324573517,6
56,5714,0.2934044897556305,7
56,17360,0.2782568037509918,8
56,18275,0.22135066986083984,9
56,14273,0.2146914005279541,10
56,139432,0.1883239895105362,11
56,15876,0.18594719469547272,12
56,18827,0.18476749956607819,13
56,47457,0.18242552876472473,14
56,18243,0.17781086266040802,15
56,18254,0.1766716092824936,16
56,17905,0.14903530478477478,17
56,56055,0.13568955659866333,18
56,25574,0.12852513790130615,19
56,14529,0.06278920918703079,20
57,5714,0.6460136771202087,1
57,31251,0.3250918686389923,2
57,14268,0.28937169909477234,3
57,18100,0.2885690927505493,4
57,31280,0.2727987766265869,5
57,14279,0.2628418505191803,6
57,22098,0.24508501589298248,7
57,34883,0.23370636999607086,8
57,14880,0.23231014609336853,9
57,17850,0.2267836332321167,10
57,31249,0.2107662856578827,11
57,32949,0.20689404010772705,12
57,18133,0.20689404010772705,13
57,31278,0.18359363079071045,14
57,17346,0.1755380779504776,15
57,14114,0.17441028356552124,16
57,31236,0.16238003969192505,17
57,18865,0.12940272688865662,18
57,21938,0.1259227693080902,19
57,15021,0.12168575078248978,20
58,71433,0.7122321724891663,1
58,123011,0.6992544531822205,2
58,36637,0.6306849718093872,3
58,22795,0.6173973083496094,4
58,34140,0.6081287264823914,5
58,55607,0.5760650634765625,6
58,17967,0.5350984334945679,7
58,21855,0.5326682329177856,8
58,31664,0.5247600078582764,9
58,13172,0.522567629814148,10
58,22794,0.5189118981361389,11
58,34316,0.5122045874595642,12
58,15872,0.48730745911598206,13
58,17377,0.4809662401676178,14
58,22797,0.46465864777565,15
58,22793,0.43254271149635315,16
58,34323,0.42155182361602783,17
58,96554,0.3886180520057678,18
58,17936,0.3775406777858734,19
58,18301,0.319121390581131,20
59,109695,0.6731916666030884,1
59,67390,0.4634442627429962,2
59,12949,0.46101677417755127,3
59,12696,0.4409506320953369,4
59,17090,0.39840641617774963,5
59,17109,0.36840569972991943,6
59,15204,0.3415825068950653,7
59,22829,0.3302551507949829,8
59,28867,0.27904197573661804,9
59,34317,0.272024542093277,10
59,108415,0.2523840367794037,11
59,14558,0.21733753383159637,12
59,17204,0.20689404010772705,13
59,17226,0.2018132209777832,14
59,15532,0.19072403013706207,15
59,18019,0.15002882480621338,16
59,18001,0.15002882480621338,17
59,18017,0.15002882480621338,18
59,72668,0.13568955659866333,19
59,18015,0.11124119907617569,20
60,63595,0.4909677505493164,1
60,15736,0.42441198229789734,2
60,13233,0.4182216227054596,3
60,15184,0.4134771525859833,4
60,35253,0.382602721452713,5
60,35248,0.382602721452713,6
60,35435,0.36026397347450256,7
60,30484,0.3593641221523285,8
60,43039,0.3593641221523285,9
60,111444,0.35309353470802307,10
60,145500,0.35309353470802307,11
60,118076,0.3354596793651581,12
60,9989,0.32338011264801025,13
60,149572,0.28298813104629517,14
60,130116,0.28298813104629517,15
60,116251,0.28219619393348694,16
60,35428,0.27747297286987305,17
60,35258,0.2751297354698181,18
60,34672,0.24508501589298248,19
60,34958,0.20434190332889557,20
61,44162,0.24798741936683655,1
61,26067,0.2254166156053543,2
61,16157,0.20946967601776123,3
61,17128,0.18594719469547272,4
61,137130,0.18594719469547272,5
61,37170,0.1561048924922943,6
61,26111,0.1540575623512268,7
61,17364,0.15304215252399445,8
61,79602,0.13296423852443695,9
61,48676,0.13296423852443695,10
61,18099,0.12940272688865662,11
61,16274,0.1259227693080902,12
61,44145,0.1037486344575882,13
61,15389,0.1037486344575882,14
61,68698,0.10087862610816956,15
61,17285,0.09670579433441162,16
61,15762,0.09138210117816925,17
61,61367,0.08632347732782364,18
61,17168,0.0838903859257698,19
61,15886,0.08035746961832047,20
62,13694,0.6513549089431763,1
62,107361,0.6513549089431763,2
62,42817,0.4742659330368042,3
62,14819,0.38722676038742065,4
62,22851,0.3442229926586151,5
62,35376,0.29098084568977356,6
62,15872,0.2845759987831116,7
62,34882,0.28378137946128845,8
62,34318,0.270480215549469,9
62,19407,0.24508501589298248,10
62,40888,0.22270013391971588,11
62,32931,0.22000709176063538,12
62,59614,0.2133771777153015,13
62,17160,0.19314739108085632,14
62,125359,0.18359363079071045,15
62,25661,0.18359363079071045,16
62,16109,0.18242552876472473,17
62,31679,0.16667540371418,18
62,34140,0.1550784707069397,19
62,17016,0.12421301752328873,20
63,17184,0.5973730087280273,1
63,13583,0.5741560459136963,2
63,84151,0.48675844073295593,3
63,57781,0.4598037302494049,4
63,32583,0.43494126200675964,5
63,75014,0.3839877247810364,6
63,109923,0.3839877247810364,7
63,83994,0.3839877247810364,8
63,4856,0.36026397347450256,9
63,43804,0.36026397347450256,10
63,34746,0.3319854736328125,11
63,15524,0.33111974596977234,12
63,80730,0.3302551507949829,13
63,93700,0.3302551507949829,14
63,66911,0.3302551507949829,15
63,19374,0.3199707567691803,16
63,18424,0.3182732164859772,17
63,25448,0.23651622235774994,18
63,36337,0.22135066986083984,19
63,40117,0.19072403013706207,20
64,31629,0.666279673576355,1
64,103458,0.6132366061210632,2
64,70748,0.6132366061210632,3
64,59211,0.6132366061210632,4
64,50140,0.5803520083427429,5
64,21789,0.5679365992546082,6
64,28189,0.5626571774482727,7
64,15253,0.5455278754234314,8
64,43879,0.541166365146637,9
64,132743,0.5212274789810181,10
64,78163,0.4995975196361542,11
64,124101,0.4689122140407562,12
64,54852,0.4481847584247589,13
64,16996,0.4373428225517273,14
64,142364,0.3830641508102417,15
64,33046,0.35667070746421814,16
64,151614,0.34953272342681885,17
64,13145,0.32766830921173096,18
64,22944,0.28937169909477234,19
64,47604,0.2436424344778061,20
65,31629,0.4177464544773102,1
65,21864,0.403566837310791,2
65,21135,0.3956010639667511,3
65,103458,0.3729618489742279,4
65,70748,0.3729618489742279,5
65,33046,0.351311057806015,6
65,22168,0.3354596793651581,7
65,18410,0.32680830359458923,8
65,19431,0.319121390581131,9
65,21789,0.3182732164859772,10
65,22095,0.2727987766265869,11
65,21826,0.2436424344778061,12
65,47604,0.23370636999607086,13
65,45377,0.21733753383159637,14
65,139562,0.21206879615783691,15
65,117370,0.21206879615783691,16
65,32467,0.18713268637657166,17
65,16869,0.16344544291496277,18
65,16920,0.13660839200019836,19
65,27906,0.13117322325706482,20
66,62306,0.562176525592804,1
66,14526,0.562176525592804,2
66,20860,0.47377896308898926,3
66,16895,0.4680611193180084,4
66,45015,0.4680611193180084,5
66,22168,0.43398144841194153,6
66,15092,0.3720487952232361,7
66,52912,0.3711366057395935,8
66,147727,0.3711366057395935,9
66,20500,0.36116471886634827,10
66,20561,0.3363310694694519,11
66,16981,0.3302551507949829,12
66,17195,0.3132096529006958,13
66,137717,0.30404168367385864,14
66,6237,0.2523840367794037,15
66,9254,0.24798741936683655,16
66,4230,0.24508501589298248,17
66,49694,0.21601155400276184,18
66,42169,0.200557678937912,19
66,20840,0.1755380779504776,20
67,11612,0.5784481763839722,1
67,18019,0.5435901880264282,2
67,17089,0.5276816487312317,3
67,17022,0.5068965554237366,4
67,5574,0.5068965554237366,5
67,11611,0.49786376953125,6
67,17249,0.4978027641773224,7
67,15532,0.49536147713661194,8
67,10089,0.48840540647506714,9
67,49135,0.48840540647506714,10
67,17207,0.46368712186813354,11
67,18016,0.4612594246864319,12
67,17204,0.45544081926345825,13
67,109711,0.42536652088165283,14
67,67219,0.42536652088165283,15
67,134594,0.42536652088165283,16
67,17206,0.3747906982898712,17
67,17209,0.3665897250175476,18
67,18936,0.328529417514801,19
67,17090,0.30569732189178467,20
68,30941,0.34510529041290283,1
68,107672,0.29098084568977356,2
68,140616,0.29098084568977356,3
68,29606,0.25534364581108093,4
68,33015,0.22000709176063538,5
68,21091,0.21601155400276184,6
68,21074,0.2018132209777832,7
68,21073,0.17328819632530212,8
68,104455,0.1710611879825592,9
68,15532,0.1710611879825592,10
68,21101,0.16885694861412048,11
68,15299,0.1561048924922943,12
68,33014,0.14414885640144348,13
68,34117,0.14414885640144348,14
68,18373,0.13296423852443695,15
68,13647,0.13296423852443695,16
68,20975,0.1276526302099228,17
68,28451,0.11596072465181351,18
68,28439,0.09268777817487717,19
68,32841,0.08882029354572296,20
69,21867,0.6099889278411865,1
69,13633,0.47828516364097595,2
69,13563,0.411583811044693,3
69,21850,0.4012185037136078,4
69,28920,0.3665897250175476,5
69,22196,0.36296918988227844,6
69,22195,0.3225259780883789,7
69,34132,0.32082128524780273,8
69,22194,0.31153157353401184,9
69,34146,0.24944725632667542,10
69,17196,0.23792988061904907,11
69,18920,0.2267836332321167,12
69,22172,0.2186693549156189,13
69,22123,0.20434190332889557,14
69,17191,0.16559311747550964,15
69,31653,0.14511536061763763,16
69,17323,0.09670579433441162,17
69,84548,0.09401018172502518,18
69,20579,0.09401018172502518,19
69,21840,0.07369627058506012,20
70,9775,0.6192409992218018,1
70,18898,0.596433162689209,2
70,17025,0.5636181831359863,3
70,31005,0.5583270192146301,4
70,25573,0.5556763410568237,5
70,25445,0.5423785448074341,6
70,25274,0.541893720626831,7
70,29129,0.5399536490440369,8
70,82005,0.5399536490440369,9
70,25448,0.5295066833496094,10
70,18900,0.5256123542785645,11
70,18899,0.5070490837097168,12
70,106570,0.5064388513565063,13
70,25447,0.4627158045768738,14
70,25605,0.45011767745018005,15
70,25630,0.3988746404647827,16
70,19452,0.3720487952232361,17
70,15822,0.34334173798561096,18
70,13704,0.29828691482543945,19
70,26097,0.23231014609336853,20
71,22170,0.48498988151550293,1
71,22165,0.44504714012145996,2
71,22164,0.43782350420951843,3
71,16258,0.42155182361602783,4
71,18320,0.34687307476997375,5
71,19429,0.3415825068950653,6
71,21224,0.31573596596717834,7
71,50140,0.3048688769340515,8
71,37601,0.2798284888267517,9
71,59211,0.25832599401474,10
71,103458,0.25832599401474,11
71,70748,0.25832599401474,12
71,20481,0.24798741936683655,13
71,15253,0.23934932053089142,14
71,21264,0.20817892253398895,15
71,31586,0.200557678937912,16
71,20486,0.16132023930549622,17
71,20521,0.13753247261047363,18
71,15172,0.12678517401218414,19
71,15711,0.1127954050898552,20
72,20970,0.39466747641563416,1
72,20870,0.30239108204841614,2
72,15740,0.3015677034854889,3
72,2966,0.29421496391296387,4
72,20969,0.2798284888267517,5
72,20592,0.27904197573661804,6
72,53641,0.2658804655075073,7
72,34126,0.2568320035934448,8
72,21229,0.24508501589298248,9
72,47161,0.23934932053089142,10
72,13702,0.23231014609336853,11
72,20506,0.21601155400276184,12
72,21285,0.19314739108085632,13
72,20584,0.1883239895105362,14
72,21159,0.1755380779504776,15
72,21064,0.16132023930549622,16
72,31689,0.15102779865264893,17
72,20585,0.14903530478477478,18
72,37613,0.13660839200019836,19
72,16870,0.09534946829080582,20
73,21207,0.5384978652000427,1
73,33082,0.4797474145889282,2
73,21159,0.4728052020072937,3
73,21229,0.4641728699207306,4
73,20971,0.45665207505226135,5
73,53641,0.4428774416446686,6
73,20869,0.4287116527557373,7
73,133563,0.42155182361602783,8
73,31547,0.38676342368125916,9
73,20506,0.37799978256225586,10
73,32965,0.3775406777858734,11
73,20870,0.36116471886634827,12
73,43098,0.34510529041290283,13
73,20586,0.3380771279335022,14
73,32994,0.3293917179107666,15
73,15180,0.3048688769340515,16
73,17896,0.28616926074028015,17
73,20584,0.2628418505191803,18
73,37613,0.2436424344778061,19
73,20585,0.23792988061904907,20
74,693,0.5460120439529419,1
74,18028,0.3937346339225769,2
74,18415,0.36840569972991943,3
74,18369,0.36026397347450256,4
74,91914,0.3415825068950653,5
74,31061,0.3319854736328125,6
74,31058,0.32680830359458923,7
74,31029,0.32680830359458923,8
74,18955,0.29098084568977356,9
74,14269,0.28378137946128845,10
74,17252,0.2743513584136963,11
74,17251,0.2538610100746155,12
74,14508,0.2523840367794037,13
74,19450,0.19436782598495483,14
74,82570,0.18476749956607819,15
74,34114,0.18010666966438293,16
74,18409,0.1710611879825592,17
74,31101,0.1710611879825592,18
74,18954,0.1710611879825592,19
74,59295,0.11124119907617569,20
75,26341,0.5585678219795227,1
75,17017,0.44504714012145996,2
75,105994,0.43398144841194153,3
75,105828,0.4205995798110962,4
75,51117,0.4021573066711426,5
75,102918,0.39840641617774963,6
75,25232,0.3858373761177063,7
75,26251,0.3775406777858734,8
75,25289,0.3593641221523285,9
75,20246,0.3557748794555664,10
75,45384,0.3442229926586151,11
75,123331,0.3380771279335022,12
75,26211,0.32082128524780273,13
75,17146,0.30321574211120605,14
75,39577,0.30239108204841614,15
75,65207,0.23651622235774994,16
75,135758,0.2351083904504776,17
75,79794,0.2351083904504776,18
75,9884,0.23091977834701538,19
75,4831,0.1980641782283783,20
76,33621,0.7648916244506836,1
76,32034,0.7201715111732483,2
76,32024,0.7178038358688354,3
76,29664,0.7178038358688354,4
76,29854,0.7178038358688354,5
76,41098,0.6800292134284973,6
76,32402,0.6791787147521973,7
76,32035,0.6749081611633301,8
76,31925,0.6645402908325195,9
76,29883,0.6388352513313293,10
76,29832,0.6136996746063232,11
76,32023,0.5879431366920471,12
76,27100,0.5784481763839722,13
76,32033,0.5746335387229919,14
76,32020,0.524394690990448,15
76,76845,0.5163516402244568,16
76,44954,0.5094593167304993,17
76,1846,0.5094593167304993,18
76,93703,0.47962552309036255,19
76,32032,0.42441198229789734,20
77,17105,0.4101654887199402,1
77,40893,0.328529417514801,2
77,20547,0.18010666966438293,3
77,33029,0.15002882480621338,4
77,140293,0.14414885640144348,5
77,27209,0.14414885640144348,6
77,18192,0.13206616044044495,7
77,31143,0.13028541207313538,8
77,86727,0.10818895697593689,9
77,16091,0.10818895697593689,10
77,4065,0.10669060051441193,11
77,14486,0.10669060051441193,12
77,43507,0.1037486344575882,13
77,32355,0.1037486344575882,14
77,49287,0.08035746961832047,15
77,68150,0.08035746961832047,16
77,30113,0.07807816565036774,17
77,15101,0.07369627058506012,18
77,30043,0.060086652636528015,19
77,17012,0.060086652636528015,20
78,18241,0.5708099007606506,1
78,14555,0.5496405959129333,2
78,17895,0.5486735105514526,3
78,14895,0.4330222010612488,4
78,13226,0.4311051070690155,5
78,71456,0.4016878008842468,6
78,19390,0.4012185037136078,7
78,19398,0.3757064640522003,8
78,31544,0.36840569972991943,9
78,18860,0.35220175981521606,10
78,17171,0.3259495198726654,11
78,32942,0.32167306542396545,12
78,67011,0.30985841155052185,13
78,21045,0.3090237081050873,14
78,19410,0.28616926074028015,15
78,17173,0.270480215549469,16
78,34291,0.26971012353897095,17
78,19391,0.267408162355423,18
78,17280,0.19930799305438995,19
78,141193,0.18010666966438293,20
79,31507,0.596433162689209,1
79,34290,0.5329113006591797,2
79,32925,0.5180585384368896,3
79,31508,0.37983831763267517,4
79,31504,0.3415825068950653,5
79,25635,0.31153157353401184,6
79,34308,0.30404168367385864,7
79,32921,0.2991051971912384,8
79,34940,0.29178744554519653,9
79,31505,0.28937169909477234,10
79,19386,0.2845759987831116,11
79,57716,0.23370636999607086,12
79,34227,0.22270013391971588,13
79,33187,0.21733753383159637,14
79,15000,0.21733753383159637,15
79,34961,0.2030746191740036,16
79,40621,0.1883239895105362,17
79,28931,0.18476749956607819,18
79,35415,0.1710611879825592,19
79,34882,0.14128142595291138,20
80,31108,0.4639299511909485,1
80,9751,0.44601210951805115,2
80,17262,0.4344612956047058,3
80,34213,0.3942009508609772,4
80,17821,0.3575674891471863,5
80,18080,0.328529417514801,6
80,31104,0.3123700022697449,7
80,17885,0.30239108204841614,8
80,33813,0.2751297354698181,9
80,18902,0.2523840367794037,10
80,31080,0.24508501589298248,11
80,21100,0.2436424344778061,12
80,33788,0.2030746191740036,13
80,14814,0.200557678937912,14
80,31107,0.1919327825307846,15
80,20519,0.18359363079071045,16
80,17124,0.1766716092824936,17
80,18031,0.15304215252399445,18
80,38506,0.1276526302099228,19
80,31293,0.08509904891252518,20
81,17820,0.42202815413475037,1
81,42821,0.2598256468772888,2
81,18032,0.23792988061904907,3
81,17821,0.23651622235774994,4
81,31108,0.23231014609336853,5
81,33801,0.22953519225120544,6
81,18338,0.2146914005279541,7
81,19684,0.2107662856578827,8
81,32597,0.2018132209777832,9
81,35256,0.1980641782283783,10
81,31063,0.19682621955871582,11
81,52040,0.1883239895105362,12
81,42820,0.16885694861412048,13
81,45011,0.16132023930549622,14
81,140564,0.15817435085773468,15
81,36815,0.1540575623512268,16
81,34277,0.14033626019954681,17
81,16896,0.12852513790130615,18
81,49846,0.12678517401218414,19
81,22996,0.11920291930437088,20
82,17220,0.41205689311027527,1
82,29403,0.2759094536304474,2
82,14882,0.2523840367794037,3
82,21228,0.17895588278770447,4
82,18951,0.16132023930549622,5
82,35189,0.15713684260845184,6
82,18383,0.15713684260845184,7
82,18069,0.14608724415302277,8
82,18388,0.14318770170211792,9
82,31131,0.13296423852443695,10
82,34199,0.12852513790130615,11
82,21174,0.12421301752328873,12
82,25635,0.12085322290658951,13
82,28869,0.11920291930437088,14
82,120370,0.1127954050898552,15
82,92966,0.1127954050898552,16
82,19408,0.1127954050898552,17
82,18386,0.10521054267883301,18
82,21104,0.08756383508443832,19
82,19359,0.08269733935594559,20
83,33080,0.6192409992218018,1
83,18384,0.6123096346855164,2
83,33081,0.5898345112800598,3
83,16095,0.5688949227333069,4
83,33937,0.5684158205986023,5
83,69047,0.5457699298858643,6
83,33083,0.52220219373703,7
83,31669,0.5018234252929688,8
83,22854,0.4966583847999573,9
83,15096,0.47134488821029663,10
83,15401,0.46077415347099304,11
83,21932,0.4491509795188904,12
83,28882,0.42441198229789734,13
83,22107,0.3575674891471863,14
83,34142,0.35220175981521606,15
83,106253,0.28776782751083374,16
83,32454,0.270480215549469,17
83,50597,0.22135066986083984,18
83,72668,0.19314739108085632,19
83,16995,0.14511536061763763,20
84,22108,0.6740504503250122,1
84,63725,0.6315943002700806,2
84,80979,0.6315943002700806,3
84,26874,0.6315943002700806,4
84,21833,0.6261242032051086,5
84,5606,0.621540904045105,6
84,22841,0.5566405653953552,7
84,25457,0.5467381477355957,8
84,131880,0.5035094618797302,9
84,18296,0.4791381061077118,10
84,18256,0.44866785407066345,11
84,18884,0.4474602937698364,12
84,18877,0.3979383707046509,13
84,18290,0.38954654335975647,14
84,19236,0.3789186179637909,15
84,22142,0.36116471886634827,16
84,25483,0.32766830921173096,17
84,25418,0.3182732164859772,18
84,33081,0.3182732164859772,19
84,34127,0.2743513584136963,20
85,21832,0.36296918988227844,1
85,25483,0.32680830359458923,2
85,43098,0.2735743820667267,3
85,21881,0.25091278553009033,4
85,25243,0.23934932053089142,5
85,21834,0.1980641782283783,6
85,21922,0.16344544291496277,7
85,13660,0.15817435085773468,8
85,14609,0.15304215252399445,9
85,25230,0.15102779865264893,10
85,22810,0.14903530478477478,11
85,22162,0.14903530478477478,12
85,25577,0.14608724415302277,13
85,33083,0.13846179842948914,14
85,33954,0.13477592170238495,15
85,31672,0.13296423852443695,16
85,31669,0.1276526302099228,17
85,3225,0.1233656257390976,18
85,21824,0.11596072465181351,19
85,24856,0.09670579433441162,20
86,55237,0.6029971241950989,1
86,85586,0.5846269726753235,2
86,75210,0.5846269726753235,3
86,20495,0.43206343054771423,4
86,62787,0.3354596793651581,5
86,18264,0.333720326423645,6
86,70419,0.31573596596717834,7
86,54796,0.25832599401474,8
86,19403,0.24508501589298248,9
86,17287,0.2133771777153015,10
86,23588,0.21206879615783691,11
86,17959,0.19314739108085632,12
86,13649,0.1883239895105362,13
86,20595,0.1883239895105362,14
86,17368,0.1766716092824936,15
86,71729,0.17441028356552124,16
86,40621,0.17217184603214264,17
86,20558,0.16026602685451508,18
86,70057,0.13296423852443695,19
86,19425,0.13028541207313538,20
87,21053,0.5912513136863708,1
87,122028,0.48035678267478943,2
87,30953,0.4239349663257599,3
87,113541,0.42155182361602783,4
87,34310,0.4130035638809204,5
87,21187,0.3942009508609772,6
87,21524,0.3407045006752014,7
87,32943,0.31489264965057373,8
87,22107,0.3090237081050873,9
87,20533,0.30569732189178467,10
87,32841,0.30074557662010193,11
87,140313,0.26435837149620056,12
87,104236,0.2465333193540573,13
87,28885,0.20689404010772705,14
87,23100,0.2030746191740036,15
87,28001,0.17328819632530212,16
87,35066,0.16885694861412048,17
87,20551,0.15102779865264893,18
87,15752,0.13846179842948914,19
87,20497,0.13846179842948914,20
88,21939,0.5987815260887146,1
88,22780,0.5945512652397156,2
88,15885,0.5779718160629272,3
88,129357,0.5779718160629272,4
88,22150,0.5573635101318359,5
88,22106,0.48956453800201416,6
88,13172,0.45350387692451477,7
88,22803,0.4344612956047058,8
88,21861,0.42202815413475037,9
88,128556,0.4196479320526123,10
88,96554,0.41917234659194946,11
88,21931,0.41205689311027527,12
88,82565,0.4016878008842468,13
88,22141,0.4007493853569031,14
88,22105,0.39606815576553345,15
88,80316,0.3775406777858734,16
88,21934,0.3747906982898712,17
88,97634,0.3486451208591461,18
88,9344,0.32338011264801025,19
88,70421,0.30985841155052185,20
89,34844,0.671470582485199,1
89,16319,0.6325027346611023,2
89,34633,0.5936092734336853,3
89,68667,0.5684158205986023,4
89,34772,0.5406813621520996,5
89,38824,0.5326682329177856,6
89,98454,0.5154979825019836,7
89,14890,0.511167585849762,8
89,16918,0.4477017819881439,9
89,20624,0.44046923518180847,10
89,34981,0.4399879574775696,11
89,34771,0.43974733352661133,12
89,78684,0.4021573066711426,13
89,34705,0.3647775650024414,14
89,106479,0.33982762694358826,15
89,34638,0.22953519225120544,16
89,22981,0.2030746191740036,17
89,60282,0.19436782598495483,18
89,41101,0.11596072465181351,19
89,32589,0.11596072465181351,20
90,12354,0.5604932308197021,1
90,79794,0.5223240256309509,2
90,135758,0.5223240256309509,3
90,22152,0.49869540333747864,4
90,22773,0.4641728699207306,5
90,22149,0.4205995798110962,6
90,21187,0.3807589113712311,7
90,53646,0.34334173798561096,8
90,32956,0.3354596793651581,9
90,17363,0.2901756167411804,10
90,17370,0.28219619393348694,11
90,31671,0.2689414322376251,12
90,17906,0.26435837149620056,13
90,15194,0.25832599401474,14
90,22833,0.2568320035934448,15
90,14522,0.2422056347131729,16
90,22856,0.2422056347131729,17
90,20596,0.23792988061904907,18
90,20972,0.23370636999607086,19
90,17077,0.22815649211406708,20
91,110879,0.7114308476448059,1
91,20841,0.4134771525859833,2
91,16981,0.3711366057395935,3
91,20860,0.36931508779525757,4
91,84935,0.3575674891471863,5
91,14526,0.35667070746421814,6
91,62306,0.35398629307746887,7
91,6237,0.3407045006752014,8
91,20840,0.31658050417900085,9
91,26922,0.31489264965057373,10
91,42169,0.3123700022697449,11
91,28902,0.272024542093277,12
91,17195,0.2598256468772888,13
91,16895,0.25534364581108093,14
91,45015,0.25534364581108093,15
91,15092,0.2267836332321167,16
91,49694,0.18952108919620514,17
91,32866,0.11124119907617569,18
91,14551,0.09807933121919632,19
91,35454,0.06954174488782883,20
92,45379,0.24944725632667542,1
92,40328,0.2240554690361023,2
92,2765,0.2240554690361023,3
92,42937,0.14706452190876007,4
92,13694,0.1259227693080902,5
92,107361,0.1259227693080902,6
92,31531,0.12085322290658951,7
92,34993,0.09138210117816925,8
92,22833,0.09138210117816925,9
92,16314,0.08035746961832047,10
92,92844,0.06954174488782883,11
92,31693,0.06097517907619476,12
92,88013,0.042087726294994354,13
92,38959,0.042087726294994354,14
92,143412,0.042087726294994354,15
92,106084,0.042087726294994354,16
92,122096,0.042087726294994354,17
92,68449,0.042087726294994354,18
92,6755,0.042087726294994354,19
92,125539,0.042087726294994354,20
93,20797,0.665410578250885,1
93,19539,0.5064693689346313,2
93,20229,0.4917609691619873,3
93,19553,0.48084431886672974,4
93,19509,0.4725617468357086,5
93,19493,0.43854472041130066,6
93,19506,0.42919009923934937,7
93,19586,0.42727720737457275,8
93,20634,0.4263215959072113,9
93,89880,0.3415825068950653,10
93,20604,0.3293917179107666,11
93,20210,0.308190256357193,12
93,19593,0.2523840367794037,13
93,121601,0.23934932053089142,14
93,78719,0.22135066986083984,15
93,101383,0.2030746191740036,16
93,19495,0.200557678937912,17
93,19588,0.17441028356552124,18
93,126489,0.1561048924922943,19
93,147869,0.1540575623512268,20
94,135177,0.526829719543457,1
94,13371,0.4937747120857239,2
94,63745,0.4706149399280548,3
94,88123,0.435421347618103,4
94,133779,0.43206343054771423,5
94,110655,0.43206343054771423,6
94,26483,0.4287116527557373,7
94,60771,0.4068619906902313,8
94,67775,0.4068619906902313,9
94,98590,0.4063906967639923,10
94,49905,0.4063906967639923,11
94,54235,0.38029852509498596,12
94,69027,0.38029852509498596,13
94,21413,0.3757064640522003,14
94,33798,0.35667070746421814,15
94,135564,0.351311057806015,16
94,11470,0.35042136907577515,17
94,5954,0.308190256357193,18
94,40133,0.267408162355423,19
94,124370,0.18010666966438293,20
95,86727,0.703345775604248,1
95,85914,0.642432451248169,2
95,27209,0.523907482624054,3
95,61975,0.4851727783679962,4
95,43507,0.3970029056072235,5
95,35676,0.37022536993026733,6
95,17306,0.351311057806015,7
95,28030,0.28378137946128845,8
95,47183,0.28219619393348694,9
95,21291,0.2727987766265869,10
95,20581,0.26435837149620056,11
95,13226,0.2107662856578827,12
95,22813,0.18594719469547272,13
95,41322,0.1755380779504776,14
95,18251,0.16451646387577057,15
95,31118,0.14414885640144348,16
95,140293,0.14318770170211792,17
95,65012,0.13939638435840607,18
95,14903,0.12421301752328873,19
95,29129,0.10669060051441193,20
96,72668,0.7634837031364441,1
96,31084,0.6127732396125793,2
96,32636,0.5679365992546082,3
96,34214,0.5679365992546082,4
96,18936,0.44673606753349304,5
96,20511,0.435421347618103,6
96,109695,0.4287116527557373,7
96,32426,0.40827676653862,8
96,59842,0.38954654335975647,9
96,67390,0.3821414113044739,10
96,38349,0.35220175981521606,11
96,17331,0.3442229926586151,12
96,59317,0.34246158599853516,13
96,59318,0.3182732164859772,14
96,21203,0.29828691482543945,15
96,14878,0.28298813104629517,16
96,21167,0.28219619393348694,17
96,21058,0.28140562772750854,18
96,34116,0.27904197573661804,19
96,59296,0.2759094536304474,20
97,452,0.6343168616294861,1
97,58033,0.26971012353897095,2
97,20504,0.25832599401474,3
97,112967,0.2538610100746155,4
97,41097,0.2422056347131729,5
97,16263,0.22953519225120544,6
97,20268,0.2254166156053543,7
97,41098,0.2240554690361023,8
97,147707,0.21601155400276184,9
97,34239,0.2146914005279541,10
97,14602,0.1919327825307846,11
97,120350,0.1919327825307846,12
97,87007,0.1919327825307846,13
97,68055,0.1919327825307846,14
97,13190,0.18359363079071045,15
97,7257,0.15304215252399445,16
97,26438,0.15203224122524261,17
97,23298,0.14033626019954681,18
97,17229,0.11596072465181351,19
97,19370,0.09947021305561066,20
98,43880,0.842863142490387,1
98,75129,0.8365545868873596,2
98,18092,0.570331335067749,3
98,17124,0.5636181831359863,4
98,9751,0.5464961528778076,5
98,18410,0.5392258763313293,6
98,14508,0.5053403973579407,7
98,18029,0.47402241826057434,8
98,41101,0.46952024102211,9
98,31625,0.4653875231742859,10
98,33814,0.4423955976963043,11
98,31031,0.4423955976963043,12
98,18956,0.43638181686401367,13
98,18400,0.42298123240470886,14
98,15750,0.4144248068332672,15
98,9254,0.36206647753715515,16
98,34194,0.35042136907577515,17
98,34096,0.35042136907577515,18
98,32596,0.3363310694694519,19
98,18232,0.3199707567691803,20
99,64928,0.7786493301391602,1
99,8608,0.3942009508609772,2
99,32920,0.3900110721588135,3
99,16210,0.36206647753715515,4
99,18602,0.34510529041290283,5
99,22492,0.332852303981781,6
99,17291,0.29746994376182556,7
99,42800,0.2901756167411804,8
99,40299,0.2885690927505493,9
99,14623,0.28298813104629517,10
99,42798,0.28140562772750854,11
99,66147,0.2727987766265869,12
99,18838,0.27125170826911926,13
99,66202,0.2658804655075073,14
99,18213,0.2613309323787689,15
99,49824,0.2598256468772888,16
99,87380,0.24077458679676056,17
99,78778,0.24077458679676056,18
99,21927,0.18594719469547272,19
99,48999,0.13753247261047363,20
100,17892,0.5912513136863708,1
100,31239,0.5331544280052185,2
100,34219,0.483648419380188,3
100,39042,0.47962552309036255,4
100,18283,0.36931508779525757,5
100,18234,0.3647775650024414,6
100,18278,0.3442229926586151,7
100,20330,0.29665425419807434,8
100,20220,0.28616926074028015,9
100,19622,0.28616926074028015,10
100,33948,0.270480215549469,11
100,19551,0.26435837149620056,12
100,94594,0.2598256468772888,13
100,11682,0.24077458679676056,14
100,33415,0.23651622235774994,15
100,144535,0.2351083904504776,16
100,23562,0.2254166156053543,17
100,94377,0.2240554690361023,18
100,20923,0.21733753383159637,19
100,33476,0.1540575623512268,20
101,2845,0.8856314420700073,1
101,5714,0.7505527138710022,2
101,14862,0.48267295956611633,3
101,31277,0.4196479320526123,4
101,58593,0.4172714650630951,5
101,18426,0.40262696146965027,6
101,14880,0.4021573066711426,7
101,32900,0.4007493853569031,8
101,31571,0.3729618489742279,9
101,17913,0.37022536993026733,10
101,17360,0.35042136907577515,11
101,17285,0.34334173798561096,12
101,17128,0.3182732164859772,13
101,40888,0.31658050417900085,14
101,31620,0.2925952970981598,15
101,31640,0.2658804655075073,16
101,31249,0.2613309323787689,17
101,31250,0.2598256468772888,18
101,14114,0.25091278553009033,19
101,31617,0.25091278553009033,20
102,139391,0.8267117738723755,1
102,106389,0.6415346264839172,2
102,72733,0.6415346264839172,3
102,36391,0.6415346264839172,4
102,22871,0.5722447633743286,5
102,25645,0.5477060079574585,6
102,22970,0.5360700488090515,7
102,13635,0.5226894617080688,8
102,14500,0.5084220767021179,9
102,38978,0.4691554307937622,10
102,40940,0.46320146322250366,11
102,23081,0.45132648944854736,12
102,25245,0.45060113072395325,13
102,150633,0.42727720737457275,14
102,15181,0.42107561230659485,15
102,25469,0.3900110721588135,16
102,105148,0.3849121630191803,17
102,27953,0.36931508779525757,18
102,43860,0.3557748794555664,19
102,26063,0.34775859117507935,20
103,48357,0.7248703241348267,1
103,22789,0.6645402908325195,2
103,22100,0.6469064354896545,3
103,19407,0.6469064354896545,4
103,26373,0.642432451248169,5
103,25757,0.642432451248169,6
103,31662,0.6062653660774231,7
103,33935,0.5832033753395081,8
103,22212,0.5727227926254272,9
103,22211,0.564578652381897,10
103,22840,0.5578453540802002,11
103,21817,0.5518152713775635,12
103,21853,0.5038909316062927,13
103,34339,0.4706149399280548,14
103,21843,0.4409506320953369,15
103,31524,0.40969306230545044,16
103,22135,0.4073334038257599,17
103,17951,0.3942009508609772,18
103,22101,0.3747906982898712,19
103,22852,0.3638729155063629,20
104,26373,0.7943849563598633,1
104,25757,0.7943849563598633,2
104,22211,0.7676898241043091,3
104,21817,0.7648916244506836,4
104,21853,0.7577943801879883,5
104,19407,0.7431680560112,6
104,22212,0.7122321724891663,7
104,48357,0.7074047327041626,8
104,22135,0.6951311230659485,9
104,22100,0.6757646203041077,10
104,21897,0.6451199054718018,11
104,31662,0.6442250609397888,12
104,22789,0.6192409992218018,13
104,54764,0.6160122752189636,14
104,22840,0.5841525793075562,15
104,21843,0.5698526501655579,16
104,33935,0.5409238934516907,17
104,22853,0.5355842709541321,18
104,17951,0.5329113006591797,19
104,34339,0.5284117460250854,20
105,19451,0.6992544531822205,1
105,17993,0.6081287264823914,2
105,18905,0.5917232036590576,3
105,18060,0.5197650790214539,4
105,22174,0.5105575323104858,5
105,18950,0.4797474145889282,6
105,120633,0.45810630917549133,7
105,17992,0.44480592012405396,8
105,18384,0.4196479320526123,9
105,34996,0.39981165528297424,10
105,35189,0.3830641508102417,11
105,31072,0.35220175981521606,12
105,18089,0.3073580265045166,13
105,33015,0.22135066986083984,14
105,20547,0.1883239895105362,15
105,15032,0.1766716092824936,16
105,34807,0.16667540371418,17
105,13574,0.15817435085773468,18
105,15008,0.14706452190876007,19
105,20937,0.14511536061763763,20
106,18865,0.9005298018455505,1
106,17360,0.5331544280052185,2
106,31278,0.4627158045768738,3
106,2845,0.46077415347099304,4
106,14114,0.4144248068332672,5
106,31249,0.40874868631362915,6
106,5714,0.4059196412563324,7
106,31250,0.2869678735733032,8
106,14529,0.2766905426979065,9
106,14273,0.2751297354698181,10
106,56055,0.25091278553009033,11
106,39256,0.23091977834701538,12
106,18243,0.20689404010772705,13
106,18248,0.20689404010772705,14
106,18827,0.20434190332889557,15
106,18275,0.1980641782283783,16
106,139432,0.19682621955871582,17
106,14268,0.19436782598495483,18
106,17905,0.1883239895105362,19
106,21294,0.18476749956607819,20
107,5714,0.9284088015556335,1
107,14268,0.3890821933746338,2
107,18124,0.2743513584136963,3
107,75236,0.23231014609336853,4
107,31236,0.2267836332321167,5
107,14279,0.20561502873897552,6
107,22201,0.19930799305438995,7
107,55662,0.1883239895105362,8
107,31235,0.18359363079071045,9
107,31251,0.16344544291496277,10
107,18133,0.14706452190876007,11
107,14284,0.14706452190876007,12
107,34667,0.14511536061763763,13
107,19405,0.14511536061763763,14
107,31249,0.13660839200019836,15
107,31278,0.13660839200019836,16
107,15443,0.13386748731136322,17
107,14114,0.13386748731136322,18
107,18865,0.13117322325706482,19
107,130264,0.11596072465181351,20
108,71433,0.9032942056655884,1
108,123011,0.8807970285415649,2
108,36637,0.7943849563598633,3
108,32940,0.47840696573257446,4
108,34140,0.4547143280506134,5
108,55607,0.42823341488838196,6
108,18817,0.41584745049476624,7
108,21894,0.403566837310791,8
108,21855,0.3807589113712311,9
108,31664,0.37983831763267517,10
108,18218,0.3486451208591461,11
108,15872,0.32680830359458923,12
108,17967,0.31573596596717834,13
108,33077,0.28616926074028015,14
108,16861,0.28298813104629517,15
108,33093,0.28219619393348694,16
108,31545,0.2759094536304474,17
108,34323,0.267408162355423,18
108,33915,0.25091278553009033,19
108,31563,0.2254166156053543,20
109,109695,0.9304582476615906,1
109,12949,0.8856314420700073,2
109,67390,0.8807970285415649,3
109,118873,0.7461389899253845,4
109,12696,0.7209580540657043,5
109,18019,0.6361271142959595,6
109,18014,0.6173973083496094,7
109,17067,0.5992506742477417,8
109,18359,0.5931380391120911,9
109,108415,0.5722447633743286,10
109,20539,0.562176525592804,11
109,34734,0.543347954750061,12
109,122672,0.5232985615730286,13
109,14558,0.49350014328956604,14
109,83623,0.483648419380188,15
109,11604,0.47718870639801025,16
109,17090,0.44794324040412903,17
109,17226,0.44167301058769226,18
109,17109,0.41584745049476624,19
109,18018,0.4030968248844147,20
110,35258,0.7000752091407776,1
110,35430,0.6976089477539062,2
110,63595,0.6918097138404846,3
110,35327,0.6842640042304993,4
110,35435,0.6800292134284973,5
110,35429,0.6749081611633301,6
110,120403,0.6680145263671875,7
110,34673,0.666279673576355,8
110,36579,0.6619228720664978,9
110,19230,0.6548947095870972,10
110,35497,0.6477982401847839,11
110,15736,0.6279512047767639,12
110,35436,0.6183196306228638,13
110,15184,0.6136996746063232,14
110,13770,0.6085940599441528,15
110,35340,0.6034645438194275,16
110,34958,0.6029971241950989,17
110,35249,0.601593554019928,18
110,144943,0.5931380391120911,19
110,145500,0.5836780667304993,20
111,44162,0.9059898257255554,1
111,61144,0.4431183934211731,2
111,43452,0.3225259780883789,3
111,17128,0.32082128524780273,4
111,31610,0.2727987766265869,5
111,22173,0.2568320035934448,6
111,17906,0.2538610100746155,7
111,34292,0.2538610100746155,8
111,14515,0.2267836332321167,9
111,34263,0.2254166156053543,10
111,21894,0.20817892253398895,11
111,31656,0.20434190332889557,12
111,16157,0.1919327825307846,13
111,5714,0.18594719469547272,14
111,36637,0.17895588278770447,15
111,104178,0.17781086266040802,16
111,40643,0.1755380779504776,17
111,33915,0.17328819632530212,18
111,21206,0.1677633374929428,19
111,80255,0.16451646387577057,20
112,13694,0.804405927658081,1
112,107361,0.804405927658081,2
112,34318,0.48377037048339844,3
112,20928,0.446977436542511,4
112,125359,0.42107561230659485,5
112,17936,0.34510529041290283,6
112,42817,0.334589421749115,7
112,34882,0.334589421749115,8
112,41333,0.30239108204841614,9
112,21863,0.26435837149620056,10
112,6945,0.26435837149620056,11
112,70767,0.2538610100746155,12
112,47944,0.2422056347131729,13
112,19407,0.20434190332889557,14
112,15715,0.2018132209777832,15
112,40888,0.200557678937912,16
112,14819,0.19559408724308014,17
112,17160,0.19314739108085632,18
112,35376,0.19072403013706207,19
112,34238,0.18242552876472473,20
113,17184,0.907312273979187,1
113,13583,0.9005298018455505,2
113,36337,0.672331690788269,3
113,32583,0.6233768463134766,4
113,75014,0.6062653660774231,5
113,109923,0.6062653660774231,6
113,83994,0.6062653660774231,7
113,57781,0.5770187377929688,8
113,4856,0.5515737533569336,9
113,43804,0.5515737533569336,10
113,18424,0.5350984334945679,11
113,55772,0.5142173767089844,12
113,13795,0.49520888924598694,13
113,19374,0.4874294400215149,14
113,25573,0.4691554307937622,15
113,25448,0.4627158045768738,16
113,15524,0.4481847584247589,17
113,17327,0.41869693994522095,18
113,142168,0.4177464544773102,19
113,102837,0.4177464544773102,20
114,31629,0.7956580519676208,1
114,13145,0.6343168616294861,2
114,151614,0.5931380391120911,3
114,33046,0.5688949227333069,4
114,132743,0.5299932360649109,5
114,103458,0.5175709128379822,6
114,70748,0.5175709128379822,7
114,59211,0.5175709128379822,8
114,54852,0.5086661577224731,9
114,21194,0.5039977431297302,10
114,50140,0.47694507241249084,11
114,43879,0.46368712186813354,12
114,78163,0.4474602937698364,13
114,28189,0.4287116527557373,14
114,21864,0.3904758393764496,15
114,21135,0.3839877247810364,16
114,15253,0.3372035324573517,17
114,35227,0.33111974596977234,18
114,41895,0.3132096529006958,19
114,77235,0.3123700022697449,20
115,21864,0.8791467547416687,1
115,21135,0.5903069376945496,2
115,21827,0.5674572587013245,3
115,33046,0.5406813621520996,4
115,31629,0.5167173743247986,5
115,47604,0.4904186427593231,6
115,22167,0.47767600417137146,7
115,18400,0.4590761363506317,8
115,20905,0.45713672041893005,9
115,19431,0.45568299293518066,10
115,19405,0.45084288716316223,11
115,142364,0.4491509795188904,12
115,18893,0.4464947283267975,13
115,34940,0.4455295205116272,14
115,21826,0.4344612956047058,15
115,18894,0.42202815413475037,16
115,21828,0.4172714650630951,17
115,18410,0.41111087799072266,18
115,20532,0.3942009508609772,19
115,21835,0.39326852560043335,20
116,52912,0.5860491394996643,1
116,147727,0.5860491394996643,2
116,20500,0.5664982199668884,3
116,45015,0.5271947979927063,4
116,16895,0.5259775519371033,5
116,62306,0.40874868631362915,6
116,14526,0.40874868631362915,7
116,20561,0.35488009452819824,8
116,16981,0.2950267493724823,9
116,15092,0.28616926074028015,10
116,20840,0.2658804655075073,11
116,20841,0.2598256468772888,12
116,20860,0.2568320035934448,13
116,6237,0.24944725632667542,14
116,84935,0.24798741936683655,15
116,42169,0.23231014609336853,16
116,45381,0.2254166156053543,17
116,49694,0.2018132209777832,18
116,4230,0.2018132209777832,19
116,44612,0.19436782598495483,20
117,15532,0.7138307690620422,1
117,17204,0.7082125544548035,2
117,18019,0.6477982401847839,3
117,17089,0.6460136771202087,4
117,11612,0.6415346264839172,5
117,11611,0.6095241904258728,6
117,17205,0.5808276534080505,7
117,17206,0.5360700488090515,8
117,17022,0.5247600078582764,9
117,5574,0.5247600078582764,10
117,67219,0.4887103736400604,11
117,134594,0.48712441325187683,12
117,109711,0.48712441325187683,13
117,18020,0.4605315029621124,14
117,17090,0.45713672041893005,15
117,17068,0.4409506320953369,16
117,18936,0.4296686351299286,17
117,20539,0.4263215959072113,18
117,18043,0.3711366057395935,19
117,11604,0.3665897250175476,20
118,104455,0.8918110132217407,1
118,18359,0.34246158599853516,2
118,15532,0.2999247610569,3
118,20973,0.29828691482543945,4
118,17820,0.2806163728237152,5
118,18055,0.2628418505191803,6
118,32811,0.25091278553009033,7
118,17204,0.24944725632667542,8
118,34117,0.24798741936683655,9
118,59842,0.23231014609336853,10
118,37176,0.2267836332321167,11
118,18019,0.20817892253398895,12
118,22157,0.19072403013706207,13
118,19748,0.18952108919620514,14
118,53003,0.1883239895105362,15
118,33015,0.16885694861412048,16
118,21073,0.14706452190876007,17
118,16289,0.14608724415302277,18
118,20512,0.14414885640144348,19
118,21091,0.14318770170211792,20
119,34132,0.9124361872673035,1
119,34146,0.804405927658081,2
119,37519,0.6288633942604065,3
119,31654,0.4944764971733093,4
119,31653,0.4612594246864319,5
119,21839,0.45568299293518066,6
119,17196,0.43950676918029785,7
119,34258,0.39840641617774963,8
119,18920,0.3835258483886719,9
119,22196,0.3830641508102417,10
119,21867,0.3789186179637909,11
119,13633,0.3575674891471863,12
119,22124,0.35309353470802307,13
119,33055,0.3372035324573517,14
119,28920,0.28219619393348694,15
119,22194,0.2798284888267517,16
119,13563,0.2523840367794037,17
119,71251,0.22270013391971588,18
119,449,0.22270013391971588,19
119,22195,0.22135066986083984,20
120,13553,0.9124361872673035,1
120,9775,0.8164063692092896,2
120,31005,0.7162185907363892,3
120,17012,0.696784257888794,4
120,25448,0.6951311230659485,5
120,25573,0.6766199469566345,6
120,25466,0.66888028383255,7
120,18900,0.6601723432540894,8
120,25569,0.6270381808280945,9
120,31004,0.6233768463134766,10
120,15255,0.5794004201889038,11
120,17700,0.5532639622688293,12
120,18898,0.5220803618431091,13
120,26091,0.4484262764453888,14
120,32559,0.3988746404647827,15
120,40446,0.3807589113712311,16
120,17327,0.3720487952232361,17
120,19452,0.3674972355365753,18
120,11827,0.34334173798561096,19
120,13784,0.3372035324573517,20
121,22164,0.9504110217094421,1
121,22165,0.9449946880340576,2
121,22170,0.9086179733276367,3
121,20481,0.4982452094554901,4
121,37601,0.449634313583374,5
121,16253,0.41253018379211426,6
121,151592,0.41205689311027527,7
121,18320,0.4101654887199402,8
121,15253,0.4012185037136078,9
121,21224,0.3849121630191803,10
121,16258,0.3789186179637909,11
121,139562,0.36296918988227844,12
121,117370,0.36296918988227844,13
121,19429,0.34687307476997375,14
121,20484,0.33982762694358826,15
121,21264,0.3225259780883789,16
121,15289,0.30074557662010193,17
121,20486,0.25832599401474,18
121,21135,0.24508501589298248,19
121,47117,0.23651622235774994,20
122,20970,0.8418256044387817,1
122,20969,0.7325918078422546,2
122,32994,0.6261242032051086,3
122,20869,0.6109178066253662,4
122,20870,0.5760650634765625,5
122,21159,0.5518152713775635,6
122,33082,0.5042723417282104,7
122,21285,0.4997444152832031,8
122,42166,0.4493926763534546,9
122,20971,0.42250463366508484,10
122,15180,0.39187127351760864,11
122,21064,0.3647775650024414,12
122,143246,0.35309353470802307,13
122,32995,0.33895182609558105,14
122,20584,0.3380771279335022,15
122,18324,0.3380771279335022,16
122,20586,0.29665425419807434,17
122,13702,0.29665425419807434,18
122,20592,0.2934044897556305,19
122,22832,0.28140562772750854,20
123,20869,0.5640984773635864,1
123,33082,0.5576044321060181,2
123,17940,0.4866974353790283,3
123,13702,0.47584885358810425,4
123,20870,0.46879062056541443,5
123,43098,0.46223029494285583,6
123,21159,0.43206343054771423,7
123,32994,0.4315841495990753,8
123,34206,0.4201236963272095,9
123,21229,0.3988746404647827,10
123,18324,0.34775859117507935,11
123,28875,0.29828691482543945,12
123,20971,0.29746994376182556,13
123,42166,0.27747297286987305,14
123,31601,0.2766905426979065,15
123,15180,0.23934932053089142,16
123,20584,0.22815649211406708,17
123,16900,0.20689404010772705,18
123,31547,0.20434190332889557,19
123,21207,0.16344544291496277,20
124,693,0.7476159334182739,1
124,14269,0.5515737533569336,2
124,34114,0.5406813621520996,3
124,195,0.5353413820266724,4
124,18415,0.5316957235336304,5
124,31061,0.5252470970153809,6
124,17252,0.5147662162780762,7
124,18954,0.4886494576931,8
124,31101,0.4886494576931,9
124,18409,0.48840540647506714,10
124,18955,0.46198758482933044,11
124,18369,0.411583811044693,12
124,31058,0.4101654887199402,13
124,31029,0.4101654887199402,14
124,25967,0.39280253648757935,15
124,14508,0.39140594005584717,16
124,18028,0.3835258483886719,17
124,17251,0.3729618489742279,18
124,32589,0.3575674891471863,19
124,4766,0.35220175981521606,20
125,105994,0.8333246111869812,1
125,26341,0.6233768463134766,2
125,102918,0.5784481763839722,3
125,45384,0.5765419602394104,4
125,17017,0.5684158205986023,5
125,70421,0.5590493679046631,6
125,22139,0.5527811646461487,7
125,25232,0.5377696752548218,8
125,4831,0.5358271598815918,9
125,25289,0.47694507241249084,10
125,123331,0.4602888524532318,11
125,33938,0.4561674892902374,12
125,51117,0.4344612956047058,13
125,33095,0.4239349663257599,14
125,105828,0.42107561230659485,15
125,22150,0.4148988723754883,16
125,22792,0.41253018379211426,17
125,22159,0.40262696146965027,18
125,22149,0.3830641508102417,19
125,59935,0.382602721452713,20
126,32402,0.9304582476615906,1
126,29832,0.9273632764816284,2
126,29854,0.9196425676345825,3
126,32034,0.9196425676345825,4
126,32024,0.9196425676345825,5
126,29664,0.9196425676345825,6
126,33621,0.8872045874595642,7
126,32035,0.8333246111869812,8
126,32032,0.7786493301391602,9
126,32020,0.7476159334182739,10
126,76845,0.7193835973739624,11
126,93703,0.6909762620925903,12
126,41098,0.6909762620925903,13
126,32033,0.6901415586471558,14
126,44954,0.6867902874946594,15
126,1846,0.6867902874946594,16
126,29883,0.6352224349975586,17
126,32023,0.6352224349975586,18
126,29819,0.6141626238822937,19
126,27100,0.5879431366920471,20
127,17105,0.7839884757995605,1
127,40893,0.5023345947265625,2
127,18831,0.39187127351760864,3
127,18830,0.35488009452819824,4
127,31371,0.2934044897556305,5
127,17137,0.2869678735733032,6
127,16091,0.20817892253398895,7
127,28860,0.20689404010772705,8
127,32910,0.2018132209777832,9
127,28855,0.1766716092824936,10
127,18183,0.17217184603214264,11
127,14486,0.13568955659866333,12
127,41156,0.11920291930437088,13
127,17872,0.11757213622331619,14
127,9714,0.11757213622331619,15
127,30113,0.10970577597618103,16
127,34132,0.1037486344575882,17
127,30092,0.10230471193790436,18
127,94775,0.10230471193790436,19
127,43507,0.09401018172502518,20
128,71456,0.8587185740470886,1
128,13226,0.6959583163261414,2
128,17895,0.6370307803153992,3
128,18860,0.5774953961372375,4
128,67011,0.5566405653953552,5
128,17280,0.5098863840103149,6
128,20930,0.5062863230705261,7
128,35620,0.47791963815689087,8
128,19391,0.47341376543045044,9
128,21045,0.4678179919719696,10
128,14895,0.45544081926345825,11
128,19390,0.43398144841194153,12
128,32942,0.3729618489742279,13
128,31644,0.3199707567691803,14
128,17964,0.31153157353401184,15
128,34895,0.2999247610569,16
128,86727,0.2934044897556305,17
128,19410,0.2806163728237152,18
128,20859,0.272024542093277,19
128,21827,0.24798741936683655,20
129,34290,0.9683812260627747,1
129,31507,0.9433475732803345,2
129,32925,0.804405927658081,3
129,18820,0.36840569972991943,4
129,31508,0.34953272342681885,5
129,31505,0.32680830359458923,6
129,32921,0.31658050417900085,7
129,34227,0.314050555229187,8
129,31504,0.29421496391296387,9
129,18218,0.2628418505191803,10
129,31680,0.25091278553009033,11
129,34308,0.2133771777153015,12
129,31066,0.20946967601776123,13
129,17144,0.19682621955871582,14
129,33081,0.169956237077713,15
129,23567,0.1561048924922943,16
129,34307,0.15304215252399445,17
129,34940,0.14903530478477478,18
129,31730,0.14318770170211792,19
129,33937,0.13568955659866333,20
130,31104,0.7690802216529846,1
130,31108,0.6201616525650024,2
130,17262,0.4433594048023224,3
130,9751,0.3711366057395935,4
130,17821,0.3225259780883789,5
130,18902,0.28378137946128845,6
130,31080,0.2751297354698181,7
130,21100,0.2689414322376251,8
130,34213,0.2568320035934448,9
130,14814,0.24508501589298248,10
130,18080,0.23934932053089142,11
130,45338,0.22135066986083984,12
130,23135,0.21733753383159637,13
130,17885,0.18359363079071045,14
130,31079,0.17441028356552124,15
130,17113,0.1677633374929428,16
130,33813,0.16559311747550964,17
130,34098,0.16451646387577057,18
130,32629,0.16132023930549622,19
130,123564,0.1540575623512268,20
131,42821,0.6477982401847839,1
131,18338,0.4689122140407562,2
131,33801,0.4443236291408539,3
131,33580,0.30321574211120605,4
131,17820,0.2958398759365082,5
131,42820,0.2925952970981598,6
131,31063,0.2901756167411804,7
131,42659,0.25091278553009033,8
131,25990,0.2254166156053543,9
131,34905,0.2254166156053543,10
131,32882,0.2186693549156189,11
131,31104,0.2186693549156189,12
131,18415,0.2146914005279541,13
131,15392,0.2030746191740036,14
131,33813,0.19314739108085632,15
131,83622,0.18594719469547272,16
131,39688,0.18126320838928223,17
131,21228,0.17328819632530212,18
131,34960,0.1677633374929428,19
131,18465,0.16559311747550964,20
132,17220,0.7341195344924927,1
132,120370,0.33111974596977234,2
132,92966,0.33111974596977234,3
132,18951,0.2991051971912384,4
132,18388,0.29746994376182556,5
132,18069,0.2766905426979065,6
132,18383,0.2743513584136963,7
132,29403,0.2613309323787689,8
132,35189,0.2598256468772888,9
132,21104,0.2598256468772888,10
132,14882,0.25534364581108093,11
132,17258,0.23934932053089142,12
132,18386,0.23792988061904907,13
132,13634,0.23370636999607086,14
132,34342,0.2254166156053543,15
132,34170,0.2254166156053543,16
132,11638,0.20817892253398895,17
132,19655,0.2018132209777832,18
132,25664,0.1980641782283783,19
132,26907,0.19314739108085632,20
133,33080,0.7826625108718872,1
133,33083,0.7759445905685425,2
133,33081,0.7490872144699097,3
133,33937,0.7264255881309509,4
133,31669,0.6566582322120667,5
133,32454,0.6352224349975586,6
133,22854,0.6062653660774231,7
133,28882,0.5679365992546082,8
133,21932,0.5660185217857361,9
133,15401,0.5602526664733887,10
133,18384,0.5348554849624634,11
133,34142,0.5228112936019897,12
133,15096,0.5163516402244568,13
133,16095,0.4946291148662567,14
133,69047,0.45132648944854736,15
133,22107,0.4016878008842468,16
133,50597,0.31489264965057373,17
133,25231,0.3123700022697449,18
133,20247,0.2613309323787689,19
133,102413,0.25534364581108093,20
134,22841,0.6397360563278198,1
134,63725,0.4239349663257599,2
134,80979,0.4239349663257599,3
134,26874,0.4239349663257599,4
134,25457,0.3890821933746338,5
134,31574,0.34953272342681885,6
134,22142,0.2727987766265869,7
134,19236,0.2658804655075073,8
134,21833,0.2523840367794037,9
134,34206,0.2465333193540573,10
134,31572,0.24508501589298248,11
134,33065,0.2422056347131729,12
134,15437,0.24077458679676056,13
134,30953,0.2240554690361023,14
134,22824,0.2186693549156189,15
134,61535,0.21601155400276184,16
134,34127,0.2146914005279541,17
134,131880,0.20817892253398895,18
134,31683,0.19072403013706207,19
134,33081,0.18359363079071045,20
135,43098,0.872347354888916,1
135,22781,0.6992544531822205,2
135,33083,0.61555016040802,3
135,32994,0.5257341265678406,4
135,33937,0.5128145813941956,5
135,20870,0.46611642837524414,6
135,33081,0.4593186378479004,7
135,33082,0.44601210951805115,8
135,31669,0.3965354859828949,9
135,20869,0.3647775650024414,10
135,34133,0.34246158599853516,11
135,21881,0.3302551507949829,12
135,25230,0.29746994376182556,13
135,25483,0.27904197573661804,14
135,18324,0.272024542093277,15
135,21922,0.2613309323787689,16
135,33073,0.23934932053089142,17
135,13660,0.23792988061904907,18
135,20971,0.22270013391971588,19
135,32995,0.22000709176063538,20
136,18264,0.528533399105072,1
136,55237,0.5218366980552673,2
136,85586,0.5136684775352478,3
136,75210,0.5136684775352478,4
136,20495,0.44987592101097107,5
136,54796,0.42298123240470886,6
136,62787,0.42250463366508484,7
136,18911,0.41205689311027527,8
136,19403,0.39187127351760864,9
136,40621,0.36840569972991943,10
136,17959,0.35042136907577515,11
136,23588,0.3415825068950653,12
136,17368,0.33895182609558105,13
136,70057,0.32082128524780273,14
136,32744,0.3199707567691803,15
136,71729,0.26435837149620056,16
136,20558,0.2613309323787689,17
136,17287,0.24944725632667542,18
136,13649,0.24508501589298248,19
136,41333,0.2146914005279541,20
137,122028,0.8840392827987671,1
137,113541,0.4797474145889282,2
137,131880,0.34687307476997375,3
137,21053,0.3293917179107666,4
137,20533,0.30321574211120605,5
137,32841,0.3015677034854889,6
137,11684,0.267408162355423,7
137,27045,0.23792988061904907,8
137,25405,0.21733753383159637,9
137,31881,0.21733753383159637,10
137,25382,0.21601155400276184,11
137,25366,0.21601155400276184,12
137,29376,0.1919327825307846,13
137,24268,0.19072403013706207,14
137,23707,0.1883239895105362,15
137,24161,0.1883239895105362,16
137,24241,0.17328819632530212,17
137,32797,0.16132023930549622,18
137,21821,0.15921740233898163,19
137,32836,0.15817435085773468,20
138,22780,0.8529354929924011,1
138,15885,0.7310585975646973,2
138,129357,0.7310585975646973,3
138,13172,0.6774740219116211,4
138,21931,0.6160122752189636,5
138,96554,0.6136996746063232,6
138,22150,0.5770187377929688,7
138,22105,0.5568816065788269,8
138,22149,0.5498823523521423,9
138,97634,0.53946852684021,10
138,22803,0.5242729187011719,11
138,80316,0.5229331254959106,12
138,21822,0.5103134512901306,13
138,22141,0.5053098797798157,14
138,21876,0.5051878094673157,15
138,128556,0.48755136132240295,16
138,70421,0.47706684470176697,17
138,82565,0.47025004029273987,18
138,31661,0.4675748944282532,19
138,22106,0.4177464544773102,20
139,16319,0.7431680560112,1
139,38824,0.7310585975646973,2
139,98454,0.6766199469566345,3
139,68667,0.6288633942604065,4
139,34633,0.5954925417900085,5
139,34771,0.562176525592804,6
139,34772,0.49835970997810364,7
139,34844,0.4196479320526123,8
139,14890,0.4153730273246765,9
139,78684,0.40922078490257263,10
139,60282,0.3729618489742279,11
139,34981,0.35488009452819824,12
139,34705,0.3415825068950653,13
139,16918,0.3415825068950653,14
139,106479,0.28616926074028015,15
139,20624,0.2845759987831116,16
139,31572,0.28298813104629517,17
139,18235,0.2628418505191803,18
139,34638,0.2613309323787689,19
139,34909,0.22815649211406708,20
140,22833,0.562176525592804,1
140,21187,0.5440747737884521,2
140,20972,0.5304797887802124,3
140,22113,0.5237857699394226,4
140,79794,0.5150101780891418,5
140,135758,0.5150101780891418,6
140,22773,0.5105575323104858,7
140,22152,0.4856606721878052,8
140,22856,0.47865068912506104,9
140,22802,0.4615021347999573,10
140,31671,0.45810630917549133,11
140,22775,0.45035937428474426,12
140,7166,0.4068619906902313,13
140,21939,0.38029852509498596,14
140,15872,0.3720487952232361,15
140,21821,0.3372035324573517,16
140,34323,0.319121390581131,17
140,2429,0.3182732164859772,18
140,25578,0.3123700022697449,19
140,17906,0.3073580265045166,20
141,110879,0.6749081611633301,1
141,20860,0.37022536993026733,2
141,20841,0.3250918686389923,3
141,25466,0.3015677034854889,4
141,20840,0.20561502873897552,5
141,26922,0.2030746191740036,6
141,16895,0.18952108919620514,7
141,45015,0.18952108919620514,8
141,16981,0.18126320838928223,9
141,31230,0.16667540371418,10
141,44612,0.16026602685451508,11
141,84935,0.14608724415302277,12
141,49694,0.14414885640144348,13
141,30994,0.13753247261047363,14
141,17030,0.13568955659866333,15
141,42169,0.13206616044044495,16
141,20561,0.13028541207313538,17
141,33428,0.12852513790130615,18
141,17291,0.1276526302099228,19
141,20615,0.12678517401218414,20
142,45379,0.5693738460540771,1
142,40328,0.3106943964958191,2
142,31540,0.2598256468772888,3
142,22802,0.23091977834701538,4
142,31531,0.2146914005279541,5
142,53648,0.2107662856578827,6
142,2765,0.1980641782283783,7
142,21917,0.18952108919620514,8
142,21908,0.18713268637657166,9
142,25234,0.1766716092824936,10
142,21819,0.17441028356552124,11
142,13620,0.17328819632530212,12
142,21904,0.16132023930549622,13
142,38323,0.15921740233898163,14
142,18263,0.15002882480621338,15
142,31420,0.14706452190876007,16
142,11614,0.14223189651966095,17
142,32580,0.14128142595291138,18
142,15231,0.13939638435840607,19
142,22773,0.13660839200019836,20
143,20797,0.7233095169067383,1
143,20229,0.5246382355690002,2
143,20634,0.4539879560470581,3
143,19493,0.41584745049476624,4
143,19509,0.3775406777858734,5
143,20604,0.34510529041290283,6
143,31725,0.3380771279335022,7
143,19492,0.3106943964958191,8
143,19496,0.2991051971912384,9
143,89880,0.29665425419807434,10
143,23723,0.28140562772750854,11
143,19597,0.28140562772750854,12
143,20227,0.28140562772750854,13
143,20240,0.28140562772750854,14
143,20226,0.28140562772750854,15
143,23673,0.28140562772750854,16
143,20296,0.272024542093277,17
143,19470,0.2658804655075073,18
143,43719,0.26435837149620056,19
143,78719,0.2628418505191803,20
144,133779,0.847967803478241,1
144,110655,0.847967803478241,2
144,135564,0.8221890926361084,3
144,5954,0.7025300860404968,4
144,63745,0.666279673576355,5
144,111253,0.6636689305305481,6
144,60771,0.6548947095870972,7
144,67775,0.6548947095870972,8
144,26480,0.6297746300697327,9
144,98590,0.6104534864425659,10
144,49905,0.6104534864425659,11
144,26529,0.6076632142066956,12
144,21413,0.5936092734336853,13
144,26477,0.5888891220092773,14
144,26483,0.5869964361190796,15
144,40133,0.5865228176116943,16
144,134978,0.5774953961372375,17
144,51304,0.5600120425224304,18
144,87667,0.5520567893981934,19
144,135177,0.5518152713775635,20
145,43507,0.9399133324623108,1
145,86727,0.894789457321167,2
145,27209,0.8933094143867493,3
145,61975,0.8918110132217407,4
145,85914,0.8031737804412842,5
145,20581,0.6706082820892334,6
145,21291,0.5426208972930908,7
145,35676,0.4920050799846649,8
145,28030,0.4891374707221985,9
145,47183,0.4891374707221985,10
145,17306,0.3225259780883789,11
145,20859,0.2598256468772888,12
145,71456,0.2523840367794037,13
145,35620,0.2133771777153015,14
145,18251,0.1766716092824936,15
145,109575,0.16344544291496277,16
145,41322,0.16238003969192505,17
145,140293,0.1550784707069397,18
145,9652,0.14033626019954681,19
145,18047,0.13939638435840607,20
146,72668,0.8255897164344788,1
146,32636,0.6043989062309265,2
146,34214,0.6043989062309265,3
146,59842,0.5486735105514526,4
146,33928,0.5464961528778076,5
146,33813,0.43014734983444214,6
146,14775,0.4007493853569031,7
146,21091,0.3956010639667511,8
146,38349,0.32167306542396545,9
146,21203,0.314050555229187,10
146,17331,0.30321574211120605,11
146,36401,0.3015677034854889,12
146,134865,0.3015677034854889,13
146,14878,0.2999247610569,14
146,67390,0.28937169909477234,15
146,18198,0.2845759987831116,16
146,21200,0.27747297286987305,17
146,32426,0.2766905426979065,18
146,18936,0.2735743820667267,19
146,21058,0.2598256468772888,20
147,452,0.7745833992958069,1
147,23298,0.5181804895401001,2
147,20268,0.4866974353790283,3
147,20504,0.4263215959072113,4
147,7257,0.41253018379211426,5
147,58033,0.40262696146965027,6
147,14602,0.38444983959198,7
147,120350,0.38444983959198,8
147,87007,0.38444983959198,9
147,68055,0.38444983959198,10
147,32941,0.3647775650024414,11
147,26438,0.36296918988227844,12
147,16263,0.3363310694694519,13
147,41097,0.33111974596977234,14
147,93259,0.319121390581131,15
147,32982,0.2901756167411804,16
147,15733,0.2782568037509918,17
147,38337,0.2727987766265869,18
147,18436,0.2727987766265869,19
147,32953,0.2465333193540573,20
148,75129,0.7017130851745605,1
148,43880,0.47718870639801025,2
148,32596,0.351311057806015,3
148,18956,0.3372035324573517,4
148,14508,0.32766830921173096,5
148,18029,0.3250918686389923,6
148,18410,0.29098084568977356,7
148,22812,0.27904197573661804,8
148,18092,0.27747297286987305,9
148,33814,0.27747297286987305,10
148,31031,0.27747297286987305,11
148,31625,0.2598256468772888,12
148,18232,0.24798741936683655,13
148,19431,0.21733753383159637,14
148,31629,0.2133771777153015,15
148,103458,0.20689404010772705,16
148,70748,0.20689404010772705,17
148,59211,0.20689404010772705,18
148,132743,0.18359363079071045,19
148,99942,0.1710611879825592,20
149,64928,0.9196425676345825,1
149,17879,0.5903069376945496,2
149,32920,0.3775406777858734,3
149,34108,0.3363310694694519,4
149,18213,0.28298813104629517,5
149,21927,0.2628418505191803,6
149,28920,0.25832599401474,7
149,22831,0.21601155400276184,8
149,17373,0.2107662856578827,9
149,17950,0.18242552876472473,10
149,17291,0.16559311747550964,11
149,21887,0.16132023930549622,12
149,21904,0.14223189651966095,13
149,22196,0.13386748731136322,14
149,21929,0.1276526302099228,15
149,19383,0.1200256198644638,16
149,102414,0.10818895697593689,17
149,48999,0.10087862610816956,18
149,17060,0.09947021305561066,19
149,21903,0.09401018172502518,20
150,17892,0.7563575506210327,1
150,18283,0.4749964475631714,2
150,34219,0.44384145736694336,3
150,39043,0.4311051070690155,4
150,31239,0.39981165528297424,5
150,18234,0.38537469506263733,6
150,18278,0.37387579679489136,7
150,71349,0.35488009452819824,8
150,17242,0.333720326423645,9
150,31697,0.2766905426979065,10
150,31139,0.2628418505191803,11
150,63964,0.23651622235774994,12
150,31470,0.23091977834701538,13
150,16857,0.2267836332321167,14
150,15256,0.2240554690361023,15
150,31515,0.22135066986083984,16
150,34314,0.20946967601776123,17
150,8832,0.20946967601776123,18
150,16358,0.20434190332889557,19
150,17364,0.19072403013706207,20
